Experiment_code,C=O/ M,O=CCO/ M,O=C(CO)CO/ M,O=C[C@H](O)CO/ M,OC[C@H](O)[C@H](O)CO/ M,OC[C@@H](O)[C@H](O)CO/ M,O=CC(O)(CO)CO/ M,O=C[C@H](O)[C@H](O)CO/ M,O=C(CO)[C@H](O)CO/ M,O=C[C@@H](O)[C@H](O)CO/ M,O=C(CO)C(O)(CO)CO/ M,O=C([C@H](O)CO)[C@H](O)CO/ M,O=C([C@@H](O)CO)[C@H](O)CO/ M,O=C[C@@](O)(CO)[C@H](O)CO/ M,O=C[C@](O)(CO)[C@H](O)CO/ M,O=C[C@H](O)C(O)(CO)CO/ M,O=C[C@@H](O)[C@H](O)[C@H](O)CO/ M,O=C[C@@H](O)[C@@H](O)[C@H](O)CO/ M,O=C[C@H](O)[C@H](O)[C@H](O)CO/ M,O=C(CO)[C@H](O)[C@H](O)CO/ M,O=C[C@H](O)[C@@H](O)[C@H](O)CO/ M,O=C(CO)[C@@H](O)[C@H](O)CO/ M,OC[C@H](O)C(O)[C@@H](O)CO/ M,OC[C@H](O)[C@H](O)[C@H](O)CO/ M,OC[C@H](O)[C@@H](O)[C@H](O)CO/ M,O=C(CO)[C@](O)(CO)[C@H](O)CO/ M,O=C(CO)[C@@](O)(CO)[C@H](O)CO/ M,O=C(CO)[C@H](O)C(O)(CO)CO/ M,O=C([C@@H](O)CO)[C@H](O)[C@H](O)CO/ M,O=C([C@@H](O)CO)[C@@H](O)[C@H](O)CO/ M,O=C([C@H](O)CO)C(O)(CO)CO/ M,O=C[C@@](O)(CO)[C@@H](O)[C@H](O)CO/ M,O=C[C@](O)(CO)[C@@H](O)[C@H](O)CO/ M,O=C[C@@](O)(CO)[C@H](O)[C@H](O)CO/ M,O=C[C@](O)(CO)[C@H](O)[C@H](O)CO/ M,O=C[C@H](O)[C@](O)(CO)[C@H](O)CO/ M,O=C[C@@](O)(CO)C(O)(CO)CO/ M,O=C[C@H](O)[C@H](O)[C@H](O)[C@H](O)CO/ M,O=C[C@@H](O)[C@H](O)[C@H](O)[C@H](O)CO/ M,O=C(CO)[C@@H](O)[C@H](O)[C@H](O)CO/ M,O=C[C@H](O)[C@@H](O)[C@@H](O)[C@H](O)CO/ M,O=C[C@H](O)[C@@H](O)[C@H](O)[C@H](O)CO/ M,O=C[C@H](O)[C@H](O)[C@@H](O)[C@H](O)CO/ M,O=C[C@@H](O)[C@H](O)[C@@H](O)[C@H](O)CO/ M,O=C[C@@H](O)[C@@H](O)[C@H](O)[C@H](O)CO/ M,O=C(CO)[C@H](O)[C@H](O)[C@H](O)CO/ M,O=C(CO)[C@H](O)[C@@H](O)[C@H](O)CO/ M,O=C(CO)[C@@H](O)[C@@H](O)[C@H](O)CO/ M,O=C[C@@H](O)[C@@H](O)[C@@H](O)[C@H](O)CO/ M,OC[C@H](O)[C@@H](O)[C@H](O)[C@H](O)CO/ M,O=CC(O)C(O)C(O)C(O)C(O)CO/ M,O=C[C@H](O)[C@@H](O)[C@@H](O)[C@H](O)[C@H](O)CO/ M
FRN051A,0.018760681,0,0.009133064,0,0.001242619,0.000291751,0,0.000126776,0.000766085,9.12E-05,0,0,0,0.002314157,0,0,0.001772559,0,0,0,0,0,0,0,0,0.002384777,0,0,0,0,0.00014188,0.006855964,0.002817817,0,0,0,0.007257114,0,0,0.00127278,0,0,0,0,0,0.001770692,0,0,0,0,0,0.000309733
FRN051B,0.019567974,0,0.009024493,0,0.00122523,0.000368657,0,0.000136409,0.000771187,7.74E-05,0,0,0,0.002376022,0,0,0.001896049,1.71E-05,0,5.63E-06,0,0,0,0,0,0.000911585,0,0,0,0,0.000252887,0.008950634,0.003290445,0,0,0,0.006877358,0,0,0.000710397,0,0,0,0,0,0.002516828,0,0,0,0,6.20E-06,0.000457035
FRN055B,0.080752218,0,0.014531501,0,0.001621143,0,0.009896436,0,0,0,0,0,0,0.001952309,0,0,0.001885034,3.59E-05,0,2.33E-05,0,0,0,0,0,0.001163487,5.69E-05,0.000856839,0,0.003900356,0.003602926,0.000732711,0.002527968,0,0,0,0.006771685,0,0,9.45E-05,0,0,0,0,0,0.000343865,0,0,0,0,0,0.00071924
FRN059A,0.010712793,0,0.008318669,0,0.000988716,5.31E-05,0.0012901,0,0.003528495,0,0,0,0,0.001468413,0,0,0.001681043,0.000517023,0.000359576,0,0,0,0,0,0,0.001613035,0,0.000885517,0,0,0.000126451,0.003228874,0.000234695,0,0,0,0.004916545,0,0,0.001058713,0,0,0,0,0,0,0,0,0,0,0,0.000721478
FRN059B,0.011200929,0,0.008447148,0,0.000818152,1.29E-05,0.001433684,0,0.003739867,0,0,0,0,0.001549494,0,0,0.001886276,0.00049521,0.000350567,0,0,0,0,0,0,0.001493531,0,0,0,0,0.000356069,0.004702628,0.000239762,0,0,0,0.005418837,0,0,0.00098301,0,0,0,0,0,0.000549269,0,0,0,0,0,0.001023862
FRN060A,0.011607196,0,0.00835086,0,0.001260101,5.85E-05,0.001893249,3.22E-05,0.004034116,0,0,0,0,0.001759574,0,0,0.002132349,0.000458325,0.000241148,0,0,0,0,0,0,0.001767345,0,0,0,0.001893331,0.000285713,0.00183738,0.000247125,0,0,0,0.006226262,0,0,0.000932178,0,0,0,0,0,0,0,0,0,0,0,0.00077799
FRN060B,0.012022578,0,0.008344579,0,0,0,0,0.001667065,0,0,0,0,0,0,0,0,0.000332724,0,0,0.002068508,0.000264571,0,0,0,0,0,0,0.000552597,0,0,0,0.002660854,0,0,0,0,0.006223069,0,0,0.000868534,0,0,0,0,0,0.000165525,0,0,0,0,4.41E-06,4.49E-05
FRN061A,0.069033898,0,0.010724373,0,0.00309815,0.000271178,0.006463892,0,0,0,0.000384383,0,0,0.001927126,0,0,0.001268756,0.000167753,0,0,0,0,0,0,0,0.000876238,0,0.002224928,0,0.001267237,0.000717496,0.000831705,0.000644672,0,0,0,0.004796151,0,0,0.000436708,0,0,0,0,0,0,0,0,0,0,0,0.000423705
FRN061B,0,0,0,0,0.002811191,0.000128272,0.006955043,0,0,0,0.000323555,0,0,0.00228849,0,0,0.001721632,8.43E-05,0,0,0,0,0,6.83E-06,0,0.000773585,2.70E-05,0.0008888,0,0.002938844,0.0012373,0.000738586,0.00116519,0,0,0,0.006521186,0,0,0,0,0,0,0,0,0.00020249,0,0,0,0,0,0.000546805
FRN062A,0,0,0,0,0.002537366,0.000507463,0.005446805,0,0,0,0.000253203,0,0,0.001948089,0,0,0.001451896,0.000213531,1.61E-05,0,0,0,0,0,0,0.001084224,0,0.001576558,0,0.001849486,0.000609433,0.000833475,0.000874924,0,0,0,0.005457331,0,0,0.000380851,0,0,0,0,0,0,0,0,0,0,0,0.000524425
FRN062B,0.02259376,0,0.010543989,0,0.002520566,0.000508893,0.00555867,0,0,0,0.000250403,0,0,0.002009819,0,0,0.001576493,0.000211223,5.27E-05,0,0,0,0,0,0,0.000930385,0,8.77E-05,0,0.003307545,0.000742147,0.000365226,0.000961918,0,0,0,0.006028747,0,0,6.00E-05,0,0,0,0,0,5.58E-05,0,0,0,0,0,0.000606253
FRN062C,0.021887061,0,0.010299136,0,0.002435634,0.000623364,0.005073638,0,0,0,0.000209564,0,0,0.002021581,0,0,0.001606631,0.000220844,0.000100604,0,0,0,0,0,0,0.000861902,9.99E-05,0.000291899,0,0.003569455,0.000702596,0.001029651,0.001035894,0,0,0,0.006225771,0,0,0.000322558,0,0,0,0,0,0.000703297,0,0,0,0,0,0.000611273
FRN062D,0.022302716,0,0.010268901,0,0.002512932,0.000516334,0.005541698,0,0,0,0.000213422,0,0,0.002070553,0,0,0.00164271,0.000214733,0.000154587,0,0,0,0,0,0,0.00075188,0,0,0,0.004056103,0.000846853,0.000981005,0.001062612,0,0,0,0.006337179,0,0,5.37E-05,0,0,0,0,0,0.001453709,0,0,0,0,0,0.000670504
FRN063A,0.025505851,0,0.010840349,0,0.003233116,0.000163903,0.00686456,0,0,0,0.000616498,0,0,0.00202102,0,0,0.001282441,0.000141694,0,0,0,0,0,0,0,0.001070865,0,0.002191431,0,0.001364705,0.000385787,0.000579381,0.000789763,0,0,0,0.003900995,0,0,0.000154064,0,0,0,0,0,9.19E-05,0,0,0,0,0,0.000696528
FRN063B,0.025806997,0,0.01066101,0,0.003325275,0.000214175,0.00668968,0,0,0,0.000466417,0,0,0.002150087,0,0,0.001483026,0.00017516,0,0,0,0,0,0,0,0.00091896,0,0.0017301,0,0.002788485,0.000403465,0.000289369,0.001080961,0,0,0,0.005496562,0,0,8.05E-05,0,0,0,0,0,0,0,0,0,0,0,0.000714917
FRN063C,0.024518647,0,0.012008722,0,0.002956559,0.000259189,0.007336258,0,0,0,0.000362014,0,0,0.002160279,0,0,0.00160943,0.000303849,0.000102539,0,0,0,0,0,0,0.00080875,0,0.001112212,0,0.00432306,0.000441913,0,0.000998464,0,0,0,0.0073209,0,0,0,0,0,0,0,0,9.27E-05,0,0,0,0,0,0.0007871
FRN063D,0.025681134,0,0.010489283,0,0.003057917,0.00031209,0.006255737,0,0,0,0.000405863,0,0,0.002091927,0,0,0.001549035,0.000149141,0,0,0,0,0,0,0,0.000760686,8.60E-05,0.000748345,0,0.0044334,0.000466699,8.71E-05,0.001175249,0,0,0,0.005950507,0,0,0,0,0,0,0,0,0.001009128,0,0,0,0,0,0.000749961
FRN063E,0.025338426,0,0.010233131,0,0.002878636,0.000462157,0.005597262,0,0,0,0.000329214,0,0,0.002010049,0,0,0.001536153,0.000190395,4.27E-05,0,0,0,0,0,0,0.000729913,0.000102748,0,0,0.004729242,0.000231518,0.000276687,0.001228714,0,0,0,0.006083872,0,0,8.17E-05,0,0,0,0,0,0.001396,0,0,0,0,0,0.000645704
FRN067A,0.071527415,0,0.014330243,0,0.001878965,0,0.001660488,0,0,0,0.000272321,0,0,0.000403026,0,0,0.00014793,5.79E-05,0,0,0,0,0,0,0,1.90E-05,0,0.000428565,0,0.000112482,0,0,0,0,0,0,0.000349185,0,0,0,0,0,0,0,0,8.79E-05,0,3.76E-05,0,0,0,0.000393692
FRN067B,0.070375715,0,0.013747962,0,0.001514786,0,0.001900645,0,0,0,0.000349922,0,0,0.00041359,0,0,0.000184023,6.69E-05,0,0,0,0,0,0,0,4.44E-05,0,0.000479467,0,0.000165131,4.42E-05,1.10E-05,0,0,0,0,0.000441238,0,0,0,0,0,4.10E-05,0,0,0.000112152,0,0,0,0,0,0.000168488
FRN067C,0.069634332,0,0.013541061,0,0.001273147,3.64E-05,0.001957534,0,0,0,0.000287864,0,0,0.000416903,0,0,0.000199764,4.81E-05,0,0,0,0,0,0,0,5.87E-05,0,0.000438231,0,0.000230981,9.56E-05,2.45E-05,0,0,0,0,0.000567937,0,0,0,0,0,0,0,0,0.000132141,0,0,0,0,0,0.00014586
FRN067D,0.06934892,0,0.013332438,0,0.000650685,0,0.002295655,0,0,0,0.000294266,0,0,0.000408632,0,0,0.000246481,6.63E-05,0,0,0,0,0,0,0,7.97E-05,0,0.000401219,0,0.000248159,0.00029186,6.80E-05,3.58E-05,0,0,0,0.000578595,0,0,0,0,0,0,0,0,0.000130691,0,0,0,0,0,0.00014433
FRN067E,0.069722165,0,0.013350847,0,0,0,0.002195509,0.000307066,0,0.000578158,0.000127902,0,0,0.00027776,0,0,0.000298063,0.000322133,0,0,0,0,0,0,0,0,0,0,0,0.000162019,0.00073259,0.000155448,0,0,0,0,0.000387717,0,0,0,0,0,0,0,0,0,0,0,0,0,0,9.18E-05
FRN067F,0.069989441,0,0.013274922,0,0,0,0.001697818,0.000582055,0,0.00101648,0,0,0,0.000181342,0,0,0.000239831,0.000341497,0,0,0,0,0,0,0,0,0,0,0,0.000190622,0.001353689,0.000285152,0,0,0,0,0.000500488,0,0,0,0,0,0,0,0,0,0,0,0,0,0,7.53E-05
FRN067G,0.081629215,0,0.019109282,0,0,0,0.00038198,0.000978502,0.00248368,0,0,0,0,0,0,0,0,9.63E-05,0,0,0,0,0,0,0,0,0,0,0,0.000468718,5.93E-05,0,0,0,0,0,0.001113875,0,0,0,0,0,0,0,0,0,0,0,0,0,0,7.30E-05
FRN067H,0.079965337,0,0.018090515,0,0,0,0.000588799,0.001024303,0.003806727,0,0,0,0,0,0,0,0,0.000106902,0,0,0,0,0,0,0,0,0,0,0,0.000473806,9.56E-05,0,0,0,0,0,0.001061027,0,0,0,0,0,0,0,0,0,0,0,0,0,0,8.92E-05
FRN067I,0.077576731,0,0.016697634,0,0,0,0.001142359,0.001108697,0.001141556,0,0,0,0,0,0,0,0,0.000199203,0,0,0,0,0,0,0,0,0,0,0,0.000466197,0.000234195,0,0,0,0,0,0.000975645,0,0,0,0,0,0,0,0,0,0,0,0,0,0,7.25E-05
FRN067J,0.072823617,0,0.014277033,0,0.000217539,0,0.002386813,0,0,0,0.000235329,0,0,0.00033418,0,0,0.000304361,0.00023179,0,8.67E-05,0,0,0,0,0,0,0,2.78E-05,0,0.00040178,0.000674589,5.15E-05,7.68E-05,0,0,0,0.00055972,0,0,0,0,0,0,0,0,0.00017143,0,0,0,0,0,9.13E-05
FRN067K,0.066107964,0,0.011530041,0,0.001688935,5.82E-05,0.001178159,0,0,0,0.000164286,0,0,0.000461534,0,0,0.000250732,4.58E-05,1.22E-05,0,0,0,0,8.87E-06,0,8.07E-05,0,0.000216206,0,0.000248517,0.000188218,0.000159197,0,0,0,0,0.000421112,0,0,3.13E-05,0,0,0,0,0,0.000364022,0,0,0,0,0,0.000121013
FRN067L,0.05868113,0,0.008995907,0,0.001317568,0,0,0,0,0,0.000124714,0,0,0,0,0,9.78E-05,6.32E-05,2.46E-05,0,0,0,0,0,0,0.000126019,0,0.000346824,0,0,0,0.000318092,0,0,0,0,0.000169719,0,0,0,0,0,0,0,0,0.000444435,0,0,0,0,0,0.000129628
FRN071A,0.17160031,0,0,0,0,0,0,0,0,0,0,0.00015082,0,0,0,0,0,0,0.0264672,0.004249022,0,0,0,0,0,0,0,0,0,0,0,0,0,0,0.001392178,0,0,0,0,0,0,9.36E-05,0,0,0,0.000198903,0,0.000990176,0,0,0,0
FRN071B,0.167120195,0,0,0,0,0,0,0,0,0,0,0.000477397,0,0,0,0,0,0,0.024538535,0.004082453,0,0,0,0,0,0,0,0,0,0,0,0,0,0,0.001937508,0,0,0,0,0,0,0.00016993,0,0,0,0.000503439,0,0.001108847,0,0,0,0
FRN071C,0.179678388,0,0,0,0,0,0,0,0,0,0,0.000219342,0,0,0,0,0,0,0.028196847,0.004155951,0,0,0,0,0,0,0,0,0,0,0,0,0,0,0.00162862,0,0,0,0,0,0,0.000141665,0,0,0,0.000330493,0,0.001103708,0,0,0,0
FRN071D,0.180305535,0,0,0,0,0,0,0,0,0,0,0.000528766,0,0,0,0,0,0,0.024205279,0.003856273,0,0,0,0,0,0,0,0,0,0,8.86E-05,0.00011925,0,0,0.002338968,0,0,0,0,0,0,0.000142545,0,0,0,0.000509141,0,0.001064999,0,0,0,0
FRN077A,0.163493763,0,0.003152676,0,0.001169909,0,0.005673113,0.00249743,0.001032955,0.002090216,0,0.001162586,0,0,0.001752067,0.00085467,0,0,0.000454006,0,0,0.002569704,0,0,0,0,0,0,0,0,0.002399224,0.000759769,0.00072902,0.000870045,0,0,0,0,0,0.000560509,0,0.000162647,0,0,0,0.000808515,0,0.000713122,0,0,0,0
FRN077B,0.163082924,0,0.003155969,0,0.001249847,0,0.005545114,0.002173097,0.000771463,0.00184039,0,0.001571653,0,0,0.001856847,0,0,0,0.000446946,0,0,0.002463883,0,0,0,0,0,0,0,0,0.002462913,0.000810163,0.000803951,0.000876828,0,0,0,0,0,0,0.001787224,0.00016424,0.000314835,0,0,0.000893672,0,0.000724218,0,0,0,0
FRN077C,0.164471417,0,0.003155325,0,0.001244139,0,0.005133121,0.002152162,0.0007577,0.001864162,0,0.001509261,0,0,0.001781201,0,0,0,0.000436117,0,0,0.002497864,0,0,0,0,0,0,0,0,0.002501054,0.000742115,0,0.000744966,0,0,0,0,0,0,0.002067207,0.000169801,0,0,0,0.000854316,0,0.000733748,0,0,0,0
FRN077D,0.167544735,0,0.003159474,0,0.001170884,0,0.00554217,0.002561399,0.000965693,0.002229905,0,0.001383367,0,0,0.001644244,0.000841841,0,0,0.000444732,0,0.000267282,0.002489995,0,0,0,0,0,0,0,0,0.002467492,0.000710213,0,0.000726882,0,0,0,0,0,0.000593804,0,0.000167296,0,0,0,0.000775867,0,0.000704738,0,0,0,0
FRN087A,0.178735846,0,0,0,0.001111834,0.000122596,0.00045684,8.44E-05,0.001373061,0.000239653,0,0.004398914,0.000748729,0.005129901,0,0,0,0.006933707,0,0.006272098,0,0,0,2.04E-05,0,0.000299468,0,0,0.000393798,0,0,0,0,0.00236437,0,0,0.00218852,0.000388519,0,0,0,0,0,0,0,0.007256855,0,0,0,0,0,0
FRN087B,0.175383512,0,0,0,0.00109833,0.000128659,0.000435004,0.000108926,0.001878662,0.000257107,0,0.004619209,0.001310174,0.005091417,0,0,0,0.007353811,0,0.006222706,0,0,0,2.14E-05,0,0.000150602,0,0,0.000475377,0,0,0,0,0.001738598,0,0,0.002248247,0.000601334,0,0,0,0,0,0,0,0.006923996,0,0,0,0,0,0
FRN087C,0.170835208,0,0,0,0,0.00029953,0.000460675,8.53E-05,0.001065227,0.000214602,0,0.004443897,0.000547827,0.005149139,0,0,0,0.00574889,0,0.006057676,0,0,0,2.21E-05,0,0.000408112,0,0,0.000405736,0,0,0,0,0.003826907,0,0,0.001888882,0.000445658,0,0,0,1.07E-05,0,0,0,0.006830817,4.72E-06,0,0,0,0,0
FRN087D,0.175136534,0,0,0,0.000974424,0.000453154,0.000410072,5.41E-05,0.000601399,0.000195352,0,0.004117712,0.000152153,0.005377359,0,0,0,0.005581688,0,0.006407702,0,0,0,2.40E-05,0,0.000378532,0,0,0.000801018,0,0,0,0,0.005303834,0,0,0.002202791,0.000496186,0,0,0,0,0,0,0,0.008610934,9.31E-06,0,0,0,0,0
FRN087E,0.17768865,0,0,0,0.000949527,0.000325939,0.000420485,5.94E-05,0.000552261,0.000194852,0,0.004195967,0.000109772,0.005124608,0,0,0,0.005795616,0,0.006279826,0,0,0,1.70E-05,0,0.000124716,0,0,0.00097199,0,0,0,0,0.005308653,0,0,0.002620843,0.000983084,0,0,0,0,0,0,0,0.008804992,0,0,0,0,0,0
FRN088A,0.186437502,0,0.014037344,0,2.34E-05,0.001352477,0.024195028,3.30E-05,0.001817215,0.000262204,0,0.001450298,0.000501877,0.001533475,0,0,0,0.006923902,0,0.004034888,0,0,0,5.78E-06,0,1.68E-05,0,0,2.35E-06,0,0,0.000616256,0,0.000215686,0,0,0.001295041,2.19E-05,0,0,0,0,0,0,0,0.003084561,1.51E-05,0,9.27E-07,0,0,0
FRN088B,0.153594176,0,0.008860558,0,0.000333525,0.003768995,0.024839427,0.000153712,0.000600767,6.22E-06,0,0.001226609,0.000780322,0.005534204,0,0,0,0.002542712,0,0.006590211,0,0,0,4.48E-05,0,0.000360815,0,0,0.001747011,0,0,1.47E-06,0,0.000514996,0,0,0.000950733,0.000513642,0,1.70E-06,0,5.33E-05,0,0,0,0.003851382,1.59E-05,0.000150393,4.18E-06,0,0,0
FRN088C,0.144535166,0,0.007207009,0,0.002026432,0.003492558,0.016453127,3.14E-05,0.001930836,8.35E-05,0,0.00010891,0.000874832,0.008217541,0,0.001029459,0,0.001463618,0,0.009074686,0,0,0,0.000115277,0,0.000387822,0,0,0.004307103,5.68E-07,0,0,0,7.39E-05,0,0,0.000820422,0.00010878,0,0,0,5.98E-05,0,0,0,0.000768165,9.69E-05,2.09E-05,5.99E-06,3.18E-05,0,0
FRN089A,0.221481504,0,0.016644294,0,0.000707201,0.000773424,0.016965988,1.72E-05,0.000264213,0.004514717,1.46E-07,0.000570292,0.00078785,0.002802436,0,0,0,0.005857106,0,0.004791265,0,0,0,0,2.80E-06,5.69E-05,0,0,0.002497035,0.003744467,0,0.000289513,0,0.004415332,0,0,0.000805273,3.52E-05,0,0,0,0,0,0,0,0.000289648,0,0,0,0,0,0
FRN089B,0.228613134,0,0.016542727,0,0.000716653,0.000844288,0.017562394,2.14E-05,0.001688382,0.002750823,0,0.00060671,0.000616342,0.00324567,0,0,0,0.005738205,0,0.005276855,0,0,0,0,8.92E-06,2.00E-05,0,0,0.004258166,0.004962203,0,0.000514516,0,0.006159087,0,0,0.001083845,8.32E-05,0,0,0,0,0,0,0,0.000542908,0,0,0,0,0,0
FRN089C,0.247323656,0,0.016927602,0,0.00075996,0.000806791,0.020769894,2.32E-05,0.001926515,0.002010949,0,0.000500357,0.000770954,0.003591679,0,0,0,0.005610171,0,0.00546358,0,0,0,0,7.54E-06,0,0,0,0.005797834,0.005803421,0,0.000567662,0,0.007409306,0,0,0.001031904,0.000145248,0,0,0,0,0,0,0,0.000896282,0,0,0,0,0,0
FRN089D,0.2843447,0,0.016247455,0,0.000811059,0.000934497,0.02906866,2.40E-05,0.002469657,0.001327267,0,0.000499361,0.000967796,0.00392901,0,0,0,0.005676714,0,0.005718061,0,0,0,0,7.93E-06,4.66E-06,0,0,0.006675314,0.005863964,0,0.000642022,0,0.007826687,0,0,0.001172404,0.000198912,0,0,0,0,0,0,0,0.001338325,0,0,0,0,0,0
FRN090A,0,0,0.020126331,0,9.02E-05,0,0,0,0.000163863,0,0,0,0,0,0,0,0,0,0,0,0,0,0,0,0,0,0,0,0,1.83E-05,0,0.004189533,0,0,0,0,0.005326981,0,0,0,0,0,0,0,0,1.32E-05,0,0,0,0,0,0
FRN090B,0,0,0.014195105,0,0,0,0,0,0,0,0,0,0,0,0,0,0,0,0,0,0,0,0,0,0,0,0,0,0,3.25E-05,0,0.004244084,0,0,0,0,0.005662667,0,0,0,0,0,0,0,0,1.44E-05,0,0,0,0,0,0
FRN090C,0,0,0.011257379,0,3.54E-05,0,0,0,0.000159267,0,0,0,1.53E-05,0.000152728,0,0,0,3.95E-06,0,0,0,0,0,3.66E-06,0,0,0,0,0,1.71E-05,0,0.004445014,0,0,0,0,0.00556147,0,0,0,0,0,0,0,0,6.24E-06,0,0,0,0,0,0
FRN090D,0,0,0.009506294,0,0,0,0,0,0.000142039,0,0,0,1.70E-05,0.000117268,0,0,0,0,0,0,0,0,0,1.36E-06,0,0,0,0,0,7.95E-06,0,0.0048151,0,0,0,0,0.006132637,0,0,0,0,0,0,0,0,2.27E-06,0,0,0,0,0,0
FRN091,0.117632745,0,0.069738464,0,0.000247961,0.003405807,0.023087107,2.55E-05,0.000211383,0,0,0.000419978,0.00052629,0.006135439,0,0,0,0.000952965,0,0.006189068,0,0,0,0,1.81E-05,0.000576194,0,0,0.000778677,0.004713791,0,0.002019844,0,0.000301878,0,0,0.000650657,0.000146496,0,0,0,0,0,0,0,0.000841819,0,0,0,0,0,0
FRN092A,0,0,0,0,0.000399908,0.002977641,0.026320672,6.56E-05,0.000414956,0,0,0.00142492,0.000296348,0.004150086,0,0,0,0.002364531,0,0.00549683,0,0.000145185,0,0,1.56E-05,7.76E-05,0,0,0.000581418,0.002836073,0,0.001020705,0,0.002466952,0,0,0.001107411,0.000438174,0,0,0,0,0,0,0,0.002356565,0,3.72E-06,0,0,0,0
FRN092B,0,0,0,0,0.00063271,0.001820337,0.024603843,7.39E-05,0.00111126,0,0,0.001604186,0.000694511,0.001936112,0,0,0,0.004670925,0,0.004174158,0,0.001825639,0,0,8.11E-06,0,0,0,4.16E-05,0.001147391,0,0.00075391,0,0.000184636,0,0,0.001153246,0.000175828,0,0,0,0,0,0,0,0.000945779,0,0,0,0,0,0
FRN093A,0.002270087,0,0.031508683,0,2.68E-05,0.000730777,0.000316037,3.85E-07,0.000714712,0,0,0,0,7.24E-07,0,0,0,0,0,0.000648393,0,0,0,0,0,0,0,0,0,0,0,0.005442707,0,0,0,0,0.007722893,0,0,0,0,0,0,0,0,0,0,0,0,0,0,0
FRN093B,0.00366499,0.003834489,0.031008112,0,6.72E-06,0.000916111,0.001452649,2.94E-06,0.000875033,2.86E-06,0,0,2.41E-07,0.000139643,0,0,0,1.65E-05,0,0.001650046,3.56E-07,0,0,0,0,0,0,0,0,0,0,0.004583215,0,0,0,0,0.006504534,0,0,0,0,0,0,0,0,0,0,0,0,0,0,0
FRN093C,0.02958359,0.0120065,0.030193025,0,0.000163424,0.001561581,0.017472412,2.62E-06,0.000815794,0,0,0,0,0.002272225,0,0,0,0.00109473,0.000143702,0.005828953,0.000598549,0,0,0,0,3.52E-05,0,0,2.93E-05,0.000138279,0,0.002745018,0,0,0,0,0.003898881,0,0,0,0,0,0,0,0,0,0,1.53E-06,0,0,0,0
FRN094A,0,0.000156484,0.034493413,0.005517395,0,0,0,0,0,0,0,8.69E-06,1.50E-06,0.000980427,0,0,0,0,0,0,0.000343036,0.003446572,0,3.37E-05,0,0,0,0,0,0,0,0.003476324,0,0,0,0,0.008833612,0,0,0,0,0,0,0,0,0,0,0,0,0,0,0
FRN094B,0,0.000910247,0.033221795,0.005443664,0,0,0,0,0,0,0,3.75E-05,0,0.002656347,0,0,0,0,0,0,0.001552753,0.00542638,0,0.000182559,0,8.01E-07,0,0,2.81E-07,0,0,0.004157447,0,0,0,0,0.008079023,4.91E-07,0,0,0,0,0,0,0,9.29E-07,2.81E-06,1.18E-06,0,0,0,3.27E-07
FRN094C,0,0.011688878,0.033329551,0.005469084,0,0,0,0,0,0,0,0.000144127,1.99E-06,0.00755137,0,0,0,1.05E-06,0,0,0.004924093,0.007863026,0,0.000496303,0,3.80E-07,0,0,6.02E-07,6.87E-07,0,0.001409075,0,0,9.54E-07,0,0.002577306,6.12E-07,0,0,0,0,0,0,0,9.50E-06,4.33E-07,0,0,3.51E-06,0,3.08E-07
FRN097A,0.218778576,0,0.050705533,0,0,0.000178587,0.008923766,0,0.014247393,0,0,0,0.000914313,3.20E-06,0,0,4.85E-05,0.006184704,0,0,0,0,0,4.57E-07,0,1.54E-06,0,0,4.18E-05,5.61E-05,0,0.000265449,0,0,0,0,0.001171983,1.20E-05,6.13E-07,0,3.47E-06,0,0,0,3.45E-05,1.12E-06,0,0,0,3.37E-06,0,0
FRN097B,0.214645674,0.003971043,0.047555592,0,0.000283144,0.000648066,0.0209937,0,0.012926112,0,0,0,0.002864298,0.000169244,0,0,0,0.013166514,0,0,0,0.001994516,0,0,0,8.00E-07,0,0,0,0.002431742,0,0.000108919,0,0,0,0,0.000695125,0,0,0,0,0,0,0,0,2.97E-06,4.00E-07,0,0,0,0,0
FRN097C,0.196657771,0.007383347,0.040432106,0,0.000346128,0.000413365,0.023690034,0,0.01050498,0,0,0,0.003054771,0.000493414,0,0,0,0.012837277,0,0,5.03E-07,0.002196786,0,0,0,2.17E-06,0,0,0,0.003503839,0,8.34E-05,0,0,0,0,0.000472154,0,0,0,0,0,0,0,0,0,0,1.12E-06,0,0,0,0
FRN097D,0.203883362,0.011921258,0.03866149,0.005647634,0.00044726,0.000458909,0.026926472,7.73E-07,0.00907498,2.44E-06,0,0,0.003501323,0.001061623,0,6.70E-06,0,5.50E-07,0,0,0,0.002961091,0,0,0,1.16E-06,0,0,0,0.004631001,0,3.86E-05,0,0,0,0,0.000432989,0,0,0,0,0,0,0,0,7.43E-07,0,0,0,1.17E-05,0,0
FRN097E,0.196056634,0.014262429,0.034737485,0.005670826,0.000472139,0.000509267,0.028878232,0,0.007726791,4.63E-05,0,0,0.004060451,0.001634237,0,0,0,0.012974358,0,0,1.25E-06,0.003097625,0,0,0,1.09E-06,0,0,0,0.005125863,0,4.26E-05,0,0,0,0,0.000309586,0,0,0,0,0,0,0,0,0,1.91E-06,0,0,0,0,0
FRN097F,0.214728122,0,0.049782057,0,0,1.49E-05,0.004278846,0,0.011510988,0,0,0,0.000149466,1.46E-06,0,0,0,6.70E-07,0,0,3.53E-06,0.003998705,0,0,0,2.16E-06,0,0,0,3.40E-06,0,0.000116536,0,0,0,0,0.000471796,0,0,0,0,0,0,0,0,1.29E-06,3.93E-07,0,0,0,0,0
FRN097G,0.218051803,0.003331815,0.049230602,0,0.000254704,0.000747277,0.01910601,1.02E-06,0.012103079,0,0,0,0.002617417,0.000124462,0,0,0,0.012869726,0,0,0,0.002047016,0,0,0,0,0,0,0,0.003323194,0,0.000378113,0,0,0,0,0.000981743,0,0,0,0,0,0,0,0,3.41E-06,0,3.57E-06,0,0,0,0
FRN097H,0.21012728,0.006365724,0.043738429,0,0.000329986,0.000461972,0.021411082,0,0.010341717,3.61E-05,0,0,0.002627723,0.000377775,0,0,0,0.012636211,0,0,0,0.002119874,0,2.37E-06,0,0,0,0,0,0.004210263,0,0.000202116,0,0,0,0,0.000610848,0,0,0,0,0,0,0,0,0,8.40E-07,0,0,0,0,0
FRN097I,0.20662191,0.009865306,0.040057419,0,0.000401244,0.000462687,0.023977191,0,0.00830514,2.84E-05,0,0,0.002961614,0.000786826,0,0,0,0.01245389,0,0,0,0.002751246,0,0,0,1.94E-06,0,0,0,0.005266284,0,0.000301419,0,0,0,0,0.000560943,0,0,0,0,0,0,0,0,0,0,7.00E-06,0,0,0,0
FRN097J,0.174133145,0.010377475,0.032149957,0.005549681,0.000426292,0.00038774,0.025382989,4.60E-07,0.007267807,1.29E-06,0,0,0.003320493,0.001140079,0,0,0,0.012352117,0,0,0,0.003002274,0,0,0,9.93E-07,0,0,0,0.005675701,0,0.000184139,0,0,0,0,0.000504635,0,0,0,0,0,0,0,0,0,0,7.53E-06,0,0,0,0
FRN097K,0.215667629,0,0.049785761,0,0,4.23E-05,0.005245321,0,0.01247939,0,0,0,0.000327699,5.10E-06,0,0,0,0.003295889,0,0,0,0.001536262,0,0,9.07E-07,2.04E-06,0,0,0,9.20E-06,0,0.000374979,0,0,0,0,0.000923684,0,0,0,0,0,0,0,0,2.82E-06,9.10E-07,7.65E-06,0,0,0,0
FRN097L,0.214272977,0.003279998,0.04802199,0,0.000240478,0.000646324,0.018071311,0,0.01115671,0,0,0,0.002297163,0.000111117,0,0,0,0.012186238,0,0,0,0.002250674,0,9.90E-07,0,4.02E-06,0,0,0,0.003367074,0,0.000398163,0,0,0,0,0.000860802,0,0,0,0,0,0,0,0,6.64E-06,9.37E-07,2.95E-06,0,0,0,0
FRN097M,0.208929314,0.006529255,0.04392388,0,0.000374519,0.000434272,0.020980878,0,0.009741019,3.02E-05,0,0,0.002381388,0.000432875,0,0,0,0.012705141,0,0,0,0.002752376,0,0,0,9.33E-07,0,0,0,0.005044581,0,0.00037842,0,0,0,0,0.000546822,0,0,0,0,0,0,0,0,6.33E-06,0,1.47E-06,0,0,0,0
FRN097N,0.203289132,0.009846649,0.039490171,0,0.000445573,0.000312763,0.022615996,0,0.008044492,0,0,0,0.00252444,0.000806099,0,0,0,0.012081203,0,0,0,0.002444324,0,1.52E-06,2.80E-06,1.25E-06,0,0,0,0.004889398,0,0.000298197,0,0,0,0,0.00049201,9.20E-07,0,0,0,0,0,0,0,4.67E-06,0,0,0,0,0,0
FRN097O,0.194542003,0.011690538,0.035716644,0.005590189,0.000442784,0.000300657,0.023833147,0,0.00714488,4.97E-05,0,0,0.002910866,0.001191247,0,0,0,0.012392138,0,0,0,0.003161569,0,0,0,1.21E-06,0,0,0,0.005896161,0,0.000203521,0,0,0,0,0.000302787,8.77E-07,0,3.42E-06,0,0,0,0,0,1.15E-05,0,0,0,0,0,0
FRN098A,0.144634908,0,0.033981285,0,0,0,0.001724346,0,0.00839365,1.90E-06,0,0,1.44E-05,1.36E-06,0,0,0,0.000144568,0,0,0,0,0,0,0,1.46E-06,0,0,0,0,0,7.99E-05,0,0,0,0,0.000431842,0,0,0,0,0,0,0,0,1.98E-06,0,7.30E-07,0,0,0,0
FRN098B,0.213228938,0.00230145,0.049576224,0,3.55E-05,0,0.014973582,0,0.012093758,0,0,0,0.001986951,0,0,0,0,0.009084993,0,0,0,0.00144977,0,0,0,0,0,0,0,0.001247237,0,2.11E-05,0,0,0,0,0.000341769,0,0,0,0,0,0,0,0,1.01E-06,1.05E-06,0,0,0,0,0
FRN098C,0.208363818,0.005894572,0.044600794,0,0.000222855,0,0.018319792,0,0.011400011,0,0,0,0.002966091,0.000128281,0,0,0,0.011598724,0,0,0,0.002081454,0,0,0,1.03E-06,0,0,0,0.002811908,0,1.57E-05,0,0,0,0,0.000306723,0,0,0,0,0,0,0,0,9.09E-06,0,0,0,0,0,0
FRN098D,0.205751429,0.008229337,0.041831635,0,0.000272248,0,0.019503626,0,0.010237276,0,0,0,0.003247607,0.000326355,0,0,0,0.012082141,0,0,0,0.002429859,0,0,0,0,0,0,0,0.003490092,0,4.17E-05,0,0,0,0,0.000334156,0,0,0,0,0,0,0,0,4.17E-06,0,0,0,0,0,0
FRN098E,0.199599212,0.011927138,0.037597062,0.005644059,0.000333361,0,0.020654146,0,0.008723921,0,0,0,0.003259413,0.000688144,0,0,0,0.011520933,0,0,0,0.002603294,0,0,0,0,0,0,0,0.003986979,0,4.57E-05,0,0,0,0,0.000343184,0,0,6.80E-07,0,0,0,0,0,0,0,0,0,0,0,0
FRN098F,0.214388897,0,0.050744352,0,0,0,0.0028257,0,0.009309986,0,0,1.74E-06,7.74E-05,3.14E-06,0,1.81E-06,0,0.00077841,0,0,0,0.00039739,0,0,0,1.49E-06,0,0,0,1.37E-06,0,9.11E-05,0,0,0,0,0.000354007,0,0,0,0,0,0,0,0,1.42E-06,1.71E-06,3.50E-06,0,0,0,0
FRN098G,0.21483809,0.002278296,0.048752994,0,3.96E-05,7.46E-05,0.014805386,0,0.01127768,0,0,0,0.002065694,0,0,0,0,0.009884441,0,0,0,0.001985943,1.58E-05,0,0,0,0,0,0,0.001815451,0,0.000125276,0,0,0,0,0.000365854,0,0,0,0,0,0,0,0,0,0,1.46E-06,0,0,0,0
FRN098H,0.208201148,0.004663727,0.046139283,0,0.000134104,4.14E-05,0.015416659,0,0.010936217,0,0,0,0.002028732,0,0,0,0,0.00958498,0,0,0,0.002106288,0,0,0,0,0,0,0,0.001897543,0,9.14E-05,0,0,0,0,0.000390509,0,0,0,0,0,0,0,0,5.67E-07,0,4.40E-06,0,0,0,0
FRN098I,0.214336726,0.00317123,0.04768405,0,0.000168126,0,0.01608307,0,0.010793795,0,0,0,0.002369815,2.05E-05,0,0,0,0.010402617,0,0,8.40E-06,0.002185673,0,0,0,0,0,0,0,0.002324494,0,8.01E-05,0,0,0,0,0.000357255,0,0,4.13E-07,0,0,0,0,0,0,0,0,0,0,0,0
FRN098J,0.203806163,0.009643752,0.039616098,0,0.000256997,0,0.018740543,1.03E-06,0.009610403,0,0,0,0.002980241,0.000429025,0,0,0,0.011488734,0,0,0,0.002384441,0,0,0,0,0,0,0,0.003631196,0,5.46E-05,0,0,0,0,0.000293275,0,0,0,0,0,0,0,0,0,0,0,0,0,0,0
FRN099A,0.055186762,0.000920052,0.001983988,0.00533229,6.21E-05,0,0.001758716,1.82E-06,4.27E-06,1.50E-05,0,1.58E-06,0,1.53E-06,0,0,0,1.05E-06,0,0,3.90E-07,0,0,0,0,6.17E-07,0,0,0,1.03E-06,0,0,0,0,0,0,0,9.70E-07,6.67E-07,0,0,0,0,4.87E-07,0,0,0,0,0,0,0,0
FRN099B,0.054077303,0.001143471,0.002364462,0.005331253,0.000231478,3.08E-06,0.003034851,0,0,1.58E-06,0,0,0,3.83E-06,0,0,0,8.87E-06,0,0,0,4.17E-05,0,0,0,0,0,0,0,5.97E-07,0,0,0,0,0,0,0,6.13E-07,0,0,0,0,0,0,0,1.29E-06,0,0,0,0,0,0
FRN099C,0.0506453,0.003083561,0.00642304,0.005412095,0.001267381,6.82E-05,0.003301318,3.63E-06,0,0.003284891,0,0,0,0.00086799,0,0,0,0,0,0,0,0.002010999,0,0,0,0,0,0,0,4.73E-07,0,0.00013037,0,0,0,0,1.15E-05,5.57E-07,0,0,0,0,0,0,0,9.73E-07,3.83E-07,0,0,0,0,0
FRN099D,0.018451452,0.002397324,0.006508616,0.005486902,5.73E-06,0.000550896,0.005142553,0,0.000572856,0,0,0,0,0.001703851,0,0,0,6.20E-06,0,0,0,0.003606862,0,0,0,0,0,0,7.50E-06,6.76E-06,0,0.000858498,0,0,0,0,0.001476398,4.90E-07,0,0,0,0,0,0,0,9.93E-06,0,3.21E-06,0,0,0,0
FRN099E,0.013384175,0.004394808,0.012765975,0.005445366,0.000339504,2.54E-05,0.009677333,0,0,0.000522482,0,3.24E-06,1.22E-05,0.00049416,0,0,0,0,0,0,0,0.000590479,0,0,0,0,0,0,0,0.000284804,0,5.44E-05,0,0,0,0,1.08E-05,0,0,0,0,0,0,0,0,1.59E-05,0,0,0,0,0,0
FRN099F,0.001127081,0.008692435,0.034766121,0.005666809,0,0.001522141,0.011631853,0,0.000217307,0,0,2.32E-06,1.49E-06,0.000854768,0,0,0,0.000862392,0,0,0,0.003983995,0,0,4.10E-07,8.60E-07,0,0,1.23E-05,4.01E-05,0,0.004656956,0,0,0,0,0.004255704,0,0,0,0,0,0,0,0,0,0,0,0,0,0,0
FRN099G,0.001121752,0.011398275,0.057970099,0.005851744,0,0.002250004,0.013365233,0,0.001037261,2.19E-05,0,0,0,0.000626151,0,0,0,0.00200098,0,0,0,0.003248484,0,0,0,0,0,0,3.21E-05,0.000134133,0,0.005057434,0,0,0,0,0.005011691,0,0,0,0,0,0,0,0,2.79E-05,0,0,0,0,0,0
FRN100A,0,0.000997656,0.036429367,0.000256869,5.43E-05,0.000220576,4.99E-06,2.03E-07,0.000421632,4.58E-07,0,0,0,0,0,0,0,0,0,0,0,0,0,0,0,0,0,0,0,0,0,0.004336361,0,0,0,0,0.004445301,1.75E-07,0,0,0,0,0,0,0,0,3.13E-06,0,0,0,0,0
FRN100B,0,0.001129653,0.036799677,0.001540138,0.000172644,0.000355733,0,2.60E-07,0.001115497,0,0,0,0,0,0,0,0,0,0,0,0,0,0,0,0,0,0,0,0,0,0,0.004848027,0,0,0,0,0.00491642,2.04E-07,0,0,0,0,0,0,0,0,6.01E-06,0,0,1.53E-06,0,0
FRN100C,0,0.00258994,0.038039,0.005502539,0.002340113,0.002706224,0,2.05E-07,0.004524076,4.03E-07,0,0,0,0,0,0,0,0,0,0,0,0,0,0,0,0,0,0,0,3.49E-06,0,0.00452719,0,0,0,0,0.005132442,3.94E-07,0,0,0,0,0,2.69E-07,0,6.90E-06,4.55E-06,2.74E-07,0,0,0,0
FRN103,0.196331495,0.005565128,0.041344135,0,0.000199188,0.000953341,0.014091387,0,0.010713529,0,0,0,0.002887915,6.17E-05,0,0,0,0.008839112,0,0,0,0.002094001,0,0,0,4.29E-07,0,0,0.001504697,0.001228585,0,0.001821624,0,0,0,0,0.002974545,0,0,0,0,0,0,0,0,0,0,0,0,0,0,0
FRN104A,0.216288473,0,0.048051407,0,2.21E-06,0.000157583,0.002329731,8.91E-07,0.0081375,1.31E-06,0,3.77E-06,0.000350921,0,0.001831236,0,0,0.001438265,0,0,0,0,0,0,0,1.62E-06,0,0,7.74E-05,1.63E-05,0,5.22E-05,0,0,0,0,0.000508718,0,0,0,0,0,0,0,0,1.30E-06,9.30E-07,1.32E-06,0,0,0,0
FRN104B,0.210893056,0,0.046465334,0,1.03E-06,0,0.000893146,0,0.006984952,4.32E-06,0,0,5.22E-05,0,0.001421432,0,0,0.000538742,0,0,0,0,0,0,0,0,0,0,0,0,0,0,0,0,0,0,0,0,0,0,0,0,0,0,0,0,0,0,0,0,0,0
FRN105A,0.199916204,0.011102586,0.03737873,0,0.000306727,0.000336859,0.019041255,6.93E-06,0.010894885,6.31E-06,0,0,0.005422529,0.000905026,0.009305307,0,0,0.014301417,0,0,0,0,0,2.60E-06,0,9.44E-07,0,0,0.003671643,0.000933543,0,0.000138873,0,0,0,0,0.000654649,0,0,0,0,0,0,0,0,0,0,0,0,0,0,0
FRN105B,0.185797261,0.011276867,0.034050787,0,0,0,0.015395757,0.009818733,0.007686198,0,0,0,0.002089164,0,0,0,0.001423664,0.007819412,0,0.009957664,0,0,0,0,0,0,0,0,0.003316877,0.000558263,0,0.000456134,0,0,0,0,0.001534261,0,0,0,0,0,0,0,0,0,0,0,0,0,0,0
FRN106A,0.183251175,0,0.002472191,0.006398937,0.000581435,0.000665538,0.008468423,5.31E-05,3.51E-05,0.00084363,0,5.56E-05,2.52E-05,0.000567631,0,0,0,9.05E-05,0,0,1.01E-06,0.00211032,0,5.21E-08,7.70E-07,2.85E-07,0,0,0,0.00034935,0,3.56E-05,0,8.78E-06,0,0,1.42E-05,1.26E-06,1.73E-07,0,0,3.66E-06,0,8.30E-08,4.83E-07,3.40E-06,0,3.57E-06,6.60E-08,6.57E-07,0,0
FRN106B,0.187913783,0,0.00617739,0.007354184,0.001095735,0.000969894,0.014020455,1.52E-05,0.001645008,0.000815809,0,0.000487147,6.69E-05,0.001407661,0,0,0,7.78E-07,0,0,2.00E-05,0.003551769,0,1.81E-06,0,1.98E-07,0,0,0,0.001095288,0,3.51E-05,0,6.41E-05,0,0,9.26E-05,6.17E-05,1.84E-05,0,0,0,1.28E-06,5.90E-08,1.57E-06,5.53E-06,6.88E-07,9.13E-06,0,0,0,0
FRN106C,0.163368574,0.00544754,0.033996902,0,0.001604708,0.001501649,0.023653085,4.95E-05,0.001820553,0.000916693,0,0.001934388,0.000493623,0.004598014,0,0,0,0.00573022,0,0,0.000156775,0.006390661,0,3.02E-05,0,0,0,0,0,0.002286994,0,0.001227665,0,0.001746489,0,0,0.001452962,0.00068381,0.000140881,0,0,0,0,3.90E-07,0,8.40E-07,0,0.000193242,1.21E-06,0,0,0
FRN106D,0.173485903,0.007010874,0.034394587,0,0.00187285,0.001573405,0.023425148,5.80E-05,0.002437042,0.001293646,0,0.00220188,0.000295902,0.005098261,0,0,0,0.00549098,0,0,0.000192532,0.006581373,0,4.53E-05,0,0,0,0,0.001545752,0.001956179,0,0.00144257,0,0.00164457,0,0,0.001552664,0.000687382,0.000239052,0,0,0,0,2.71E-06,0,0.001895152,0,0.000286795,2.37E-06,0,0,0
FRN106E,0.173963167,0.00858468,0.03438834,0,0.001879565,0.001789636,0.022910891,6.30E-05,0.002595139,0.001393289,0,0.002191302,0.00019645,0.005420048,0,0,0,0.00473542,0,8.33E-05,0.001045852,0.006602585,0,7.04E-05,0,3.76E-07,0,0,0,0.001525854,0,0.001716228,0,0.00182568,0,0,0.001826173,0.000727441,0.000236055,0,0,0,1.27E-06,6.75E-06,0,1.36E-06,2.15E-06,0.000408687,2.26E-06,1.44E-05,0,0
FRN107A,0.179256186,0,0.014409158,0,0.000751107,0,0.025805134,0.000133527,0.001941417,9.98E-05,0,0.002733999,0.00136143,0.003018318,0,0,0,0.006352818,0,0.005495777,0,0,0,1.04E-05,0,2.56E-06,0,0,0.001042863,0.000228868,0,0.000192221,0,0.001062917,5.25E-06,1.72E-07,0.000724284,6.58E-05,0,2.18E-06,2.73E-06,0,2.41E-06,0,0,0.000327146,1.43E-05,9.43E-05,3.26E-06,0,0,0
FRN107B,0.19755299,0,0.015072875,0,0.000782702,0.002999187,0.028573145,0.000231234,0.002507421,0.003065006,0,0.003520795,0.001239088,0.004237591,0,0,0,0.006664589,0,0.006490474,0,0,0,2.16E-05,0,5.24E-05,1.70E-05,0,0.001590664,0.000284964,0,0.000292502,0,0.002621876,0,0,0.001001783,0.00014456,3.00E-05,1.36E-05,6.35E-06,0,0,0,7.03E-06,0.000679781,3.07E-05,6.09E-06,5.23E-06,0,0,0
FRN107C,0.191001082,0,0.011984523,0,0.000804823,0.002720941,0.026793755,0.000149022,0.002090356,0.002002838,0,0.002982338,0.001480355,0.003994053,0,0,0,0.006059909,0,0.006346408,0,0,0,1.21E-05,0,4.88E-05,0,0,0.001555225,0.000362528,0,0.000244329,0,0.001668416,0,0,0.0008039,0.000105447,0,1.36E-06,0,0,0,4.30E-07,0,0.000659135,1.37E-05,1.13E-05,0,4.43E-05,0,0
FRN107D,0.17905038,0,0.009525297,0,0.000781401,0.002992471,0.025962828,0.000127115,0.001869201,0.001936203,0,0.002789203,0.00116712,0.004382313,0,0,0,0.005252734,0,0.006719795,0,0,0,1.33E-05,0,6.84E-05,0,0,0.001988531,0.00051527,0,0.000241041,0,0.002006307,0,0,0.000812991,0.000124546,0,0,0,0,0,4.28E-07,0,0.000732949,1.64E-05,4.48E-06,0,0,0,0
