time/ s,O=C(CO)CO/ M,O=CC(O)(CO)CO/ M,O=C[C@H](O)[C@H](O)CO/ M,O=C[C@@H](O)[C@H](O)CO/ M,O=C(CO)[C@H](O)CO/ M,O=C(CO)C(O)(CO)CO/ M,O=C[C@H](O)C(O)(CO)CO/ M,O=C[C@@](O)(CO)[C@H](O)CO/ M,O=C[C@](O)(CO)[C@H](O)CO/ M,O=C[C@H](O)[C@@H](O)[C@H](O)CO/ M,O=C(CO)[C@@H](O)[C@H](O)CO/ M,O=C([C@H](O)CO)[C@H](O)CO/ M,O=C[C@H](O)[C@H](O)[C@H](O)CO/ M,O=C([C@@H](O)CO)[C@H](O)CO/ M,O=C([C@H](O)CO)C(O)(CO)CO/ M,O=C[C@@](O)(CO)C(O)(CO)CO/ M,O=C[C@H](O)[C@@](O)(CO)[C@H](O)CO/ M,O=C[C@](O)(CO)[C@@H](O)[C@H](O)CO/ M,O=C([C@@H](O)CO)[C@@H](O)[C@H](O)CO/ M,O=C[C@@](O)(CO)[C@H](O)[C@H](O)CO/ M,O=C(CO)[C@@](O)(CO)[C@H](O)CO/ M,O=C[C@H](O)[C@](O)(CO)[C@H](O)CO/ M,O=C(CO)[C@@H](O)[C@@H](O)[C@H](O)CO/ M,O=C(CO)[C@H](O)[C@@H](O)[C@H](O)CO/ M,O=C(CO)[C@@H](O)[C@H](O)[C@H](O)CO/ M
3093.12,0.004169791,0.0173331,9.12E-05,0.000121076,0.004568777,0.000180353,0.000121289,0.001879611,0.001941631,4.30E-05,0.003024885,0.003845334,8.17E-05,0.00316446,0,4.56E-05,0,0.001102947,0.001599338,0.000230695,0.000105913,0.000121432,0.000107751,0,0
3123.24,0.005437993,0.017966777,1.00E-04,0.000154399,0.005253368,0.0001806,7.11E-05,0.002063896,0.002175232,4.63E-05,0.003286318,0.004259091,8.13E-05,0.003528897,0,4.59E-05,0,0.001169213,0.001643461,0.00020303,0.000110242,0.00012547,8.56E-05,0,0
3153.36,0.016004973,0.014917965,0.000331625,0.000143613,0.00605798,0.000209063,8.05E-05,0.001963195,0.001145616,0.000105306,0.002438833,0.003259903,0.000132604,0.002438491,4.82E-05,0,0.000147469,0.000599005,0.000657548,0.000111439,2.85E-05,3.34E-05,3.95E-05,7.11E-06,0
3183.48,0.003939871,0.018092585,8.26E-05,0.000140013,0.004896323,0.000257624,5.74E-05,0.001964313,0.002252001,3.86E-05,0.003110265,0.004044181,7.69E-05,0.003564268,0,5.64E-05,0,0.001108534,0.001712085,0.000233758,0.000112344,0.000131406,0.00010946,0,0
3213.6,0.00303992,0.016940508,0.000165356,0.00011867,0.003357706,0.000387999,0.000106481,0.002048973,0.001824678,8.53E-05,0.002790113,0.00351415,0.000118198,0.002718523,0.000105102,0,7.34E-05,0.000669493,0.000973774,0.000154955,2.92E-05,4.20E-05,5.51E-05,1.19E-05,0
3243.72,0.004136745,0.016573611,0.000100538,0.000110845,0.005072461,0.000215627,6.67E-05,0.001713273,0.001968459,4.88E-05,0.002628368,0.00375798,7.41E-05,0.003230418,0,4.53E-05,3.08E-05,0.000922315,0.001251737,0.0002022,5.99E-05,0,7.62E-05,0,0
3273.84,0.005808293,0.016845722,0.000175631,0.000124349,0.005558038,0.000183029,9.54E-05,0.001828925,0.001752933,7.20E-05,0.002420492,0.003753931,9.46E-05,0.003308389,1.34E-05,0.000168311,0.000105845,0.000666393,0.000652585,8.40E-05,2.82E-05,2.84E-05,2.88E-05,3.44E-06,0
3303.96,0.004813901,0.016804862,8.69E-05,0.000132966,0.005555224,0.000236505,6.41E-05,0.001626964,0.001999142,3.70E-05,0.002660835,0.003595861,6.82E-05,0.003119142,0,4.38E-05,3.28E-05,0.000953417,0.00124102,0.000177016,6.00E-05,0,6.77E-05,0,0
3334.08,0.003318902,0.017892752,6.78E-05,8.62E-05,0.003221767,0.000290353,0.000109823,0.002162408,0.00225862,6.84E-05,0.003109722,0.004400385,9.57E-05,0.004158084,0,3.43E-05,0,0.001086074,0.001865516,0.0004467,0.000112757,0,0.000199923,0,0
3364.2,0.001972566,0.016123894,7.81E-05,0.000104674,0.001971481,0.000430438,0.000166356,0.002028792,0.001124605,4.80E-05,0.003215151,0.002205913,9.74E-05,0.001519673,0,0,0.000291473,0.001384592,0.000881275,0.000256793,7.18E-05,0,0.000113925,2.82E-05,3.33E-05
3424.44,0.002772776,0.017174733,8.83E-05,0.000134554,0.002938153,0.000679119,0.0001659,0.002209917,0.001822683,5.44E-05,0.002998328,0.002827579,0.000111588,0.002460534,0.000474177,0.000174195,0.000148738,0.001082082,0.001154375,0.000343711,5.62E-05,6.38E-05,0.000146796,1.76E-05,2.14E-05
3454.56,0.003407867,0.018080159,5.63E-05,0,0.003050824,0.000287096,8.73E-05,0.002133063,0.002436996,6.60E-05,0.002984706,0.004659918,9.25E-05,0.004552467,0,3.24E-05,0,0.001099713,0.001979663,0.000405523,9.52E-05,0,0.000275462,0,0
3484.68,0.003637454,0.016976328,0.000214157,0.000128501,0.003938844,0.000268293,0.000110763,0.002078615,0.001881466,9.78E-05,0.002892306,0.003812622,0.000121945,0.002919961,7.04E-05,0.000172889,7.04E-05,0.000883774,0.001021209,0.000164966,3.60E-05,3.22E-05,6.01E-05,1.16E-05,0
3514.8,0.003716681,0.016744232,0.000216084,0.000123103,0.003871072,0.000223031,0.000107609,0.002208272,0.001824303,0.00010772,0.002946021,0.003957048,0.000120175,0.00293037,9.24E-05,0.000156132,0.000121953,0.000935189,0.001064248,0.000172847,6.24E-05,7.57E-05,5.82E-05,8.74E-06,0
3544.92,0.017312192,0.014371837,0.000351113,0.000148309,0.006231711,9.13E-05,8.59E-05,0.001746371,0.000940624,0.00011124,0.002247667,0.002962002,0.000112417,0.002208867,8.76E-06,6.37E-05,4.02E-05,0.000587495,0.000486798,8.38E-05,2.04E-05,1.90E-05,2.81E-05,1.35E-06,0
3575.04,0.005654339,0.015568921,0.000126201,9.55E-05,0.002826231,0.000179074,8.42E-05,0.002928697,0.000587443,6.49E-05,0.003243084,0.002397565,0.000104427,0.001147986,3.17E-05,0,0.000225438,0.001272243,0.000870926,0.000173321,7.27E-05,0,5.92E-05,2.09E-05,2.03E-05
3605.16,0.002697522,0.01570504,0.000141446,9.52E-05,0.002471532,0.000399198,0.000119749,0.002266644,0.001364584,8.37E-05,0.00318994,0.002925628,0.000125433,0.002061241,0.000312997,0,0.00032905,0.001128656,0.001028353,0.000452151,6.67E-05,6.21E-05,0.000136773,2.40E-05,1.52E-05
3635.28,0.002621237,0.016795306,0.00017072,0.000123961,0.003288748,0.000331316,9.28E-05,0.002214108,0.001929044,8.85E-05,0.00316594,0.003734686,0.000118124,0.003060854,0.000105879,0.00011247,9.38E-05,0.000854575,0.001284166,0.00020697,5.50E-05,5.72E-05,0.000120522,1.24E-05,0
3665.4,0.004301758,0.016746019,0.000119552,0.000123957,0.004421842,0.00020709,0.000114002,0.001904571,0.001676389,6.23E-05,0.002745644,0.003515683,8.00E-05,0.003175784,4.21E-05,5.17E-05,7.22E-05,0.000836145,0.000986727,0.000141004,3.81E-05,4.65E-05,5.41E-05,0,0
3695.52,0.004647532,0.017080313,7.31E-05,0.000142267,0.005331464,0.000182085,0,0.00167849,0.002029063,3.50E-05,0.002816978,0.003865331,6.46E-05,0.003369252,0,5.77E-05,0,0.000994777,0.001300933,0.000157672,6.44E-05,7.88E-05,5.80E-05,0,0
3725.64,0.002439221,0.016007604,0.000156125,0.000120694,0.002686558,0.000277134,0.000126698,0.001967683,0.00144029,8.01E-05,0.003142661,0.002990457,0.000109414,0.002079857,6.77E-05,5.72E-05,4.36E-05,0.00084668,0.001085679,0.000185168,5.09E-05,5.44E-05,7.36E-05,1.29E-05,0
3755.76,0.005196246,0.016339616,0.000157739,0.000111483,0.004967579,0.000120725,7.12E-05,0.001875843,0.001453916,7.42E-05,0.002607604,0.003336499,7.97E-05,0.002791434,2.51E-05,6.13E-05,6.89E-05,0.000897612,0.000917951,0.000128374,4.28E-05,6.44E-05,4.26E-05,7.45E-06,0
3785.88,0.004603049,0.017650422,0.000106869,8.20E-05,0.004415765,0.000181349,7.59E-05,0.002087071,0.002366998,8.18E-05,0.002897504,0.004789542,8.90E-05,0.004392062,0,3.13E-05,0,0.001008391,0.001437471,0.000230924,7.76E-05,0,9.43E-05,0,0
3816,0.004776033,0.016569409,0.000174855,0.000117485,0.005018966,0.000119753,8.76E-05,0.001960949,0.001800871,9.34E-05,0.002696707,0.003959281,9.58E-05,0.003375646,1.93E-05,6.35E-05,6.74E-05,0.000841016,0.000923524,0.000180278,3.39E-05,3.83E-05,3.78E-05,0,0
3846.12,0.005204605,0.017256206,9.41E-05,0.000117515,0.005819698,0.0001679,0,0.001794202,0.00218792,4.30E-05,0.002785854,0.004266774,6.89E-05,0.003649032,0,4.40E-05,2.80E-05,0.001036158,0.001319535,0.000149899,6.33E-05,7.25E-05,5.57E-05,0,0
3876,0.006986153,0.015729745,0.000127858,9.54E-05,0.004310632,8.72E-05,0.000153439,0.002791767,0.001015465,9.35E-05,0.003240527,0.003743814,9.71E-05,0.001907276,2.95E-05,7.04E-05,8.05E-05,0.00143036,0.000929235,0.000210626,4.69E-05,4.95E-05,6.43E-05,1.03E-05,0
3906.12,0.005271737,0.021960067,0.00014262,0.000160428,0.005057096,0.000633806,0.000230913,0.004516968,0.004020517,0.000188371,0.005742831,0.007483452,0.000206904,0.006764049,0.000174409,0.000121745,0.000129114,0.001915323,0.003229759,0.000837693,0.000230545,0,0.000399465,0,0
3936.24,0.006785856,0.016162797,0.000186644,0.00010882,0.005586849,6.62E-05,6.94E-05,0.002025708,0.0016633,0.000102253,0.002623188,0.003921287,8.35E-05,0.003200431,7.95E-06,5.95E-05,3.92E-05,0.000838042,0.000868779,7.68E-05,2.97E-05,4.89E-05,2.71E-05,0,0
3966.36,0.006005715,0.016131668,0.00014362,0.00011601,0.005593643,0.000104893,5.27E-05,0.001751946,0.001707978,5.79E-05,0.002650035,0.003683331,6.96E-05,0.0029474,0,4.26E-05,0,0.000911998,0.001138661,0.000138563,5.98E-05,6.21E-05,4.52E-05,0,0
3996.48,0.006303948,0.01607221,0.000119878,9.26E-05,0.003410676,0.000138269,9.81E-05,0.002778663,0.00094033,7.14E-05,0.00331489,0.003180179,0.000108915,0.001645203,7.43E-05,8.88E-05,0.000105645,0.001117509,0.001501035,0.000271765,6.59E-05,6.66E-05,8.77E-05,1.16E-05,0
4026.6,0.005034399,0.016779485,0.000150733,0.00012522,0.005031402,0.000143348,0.000101297,0.00209918,0.001910341,8.42E-05,0.003028705,0.004089075,9.80E-05,0.003667956,1.89E-05,7.59E-05,7.29E-05,0.00091041,0.001144899,0.00014153,4.58E-05,3.20E-05,4.44E-05,0,0
4056.72,0.004722415,0.016988582,0.000174135,0.000111865,0.00539491,0.000196529,8.75E-05,0.002125302,0.00184016,8.60E-05,0.00290992,0.003875422,0.000104381,0.00338615,3.73E-05,6.70E-05,5.55E-05,0.000887352,0.001125069,0.000170812,4.57E-05,5.01E-05,6.06E-05,0,0
4086.84,0.000975558,0.017110879,3.18E-05,0,0.001533512,0.000342624,8.42E-05,0.002283904,0.001909269,5.37E-05,0.002975349,0.003778572,8.04E-05,0.003692809,0,3.38E-05,0,0.001086624,0.002357392,0.000748931,0.000152685,0,0.000348833,0,0
4116.96,0.004865693,0.016698376,0.000109608,0.000131648,0.005399393,0.000221579,6.59E-05,0.001751354,0.00190121,4.79E-05,0.00282356,0.003612684,7.45E-05,0.002977557,0,3.81E-05,0,0.000965424,0.001217903,0.000195646,6.55E-05,6.89E-05,7.35E-05,0,0
4177.2,0.005294978,0.016134245,0.000129236,0.000108684,0.004689464,0.000136138,8.83E-05,0.001958115,0.001210011,5.97E-05,0.002820605,0.002860836,8.05E-05,0.002334412,3.23E-05,8.64E-05,0.000184605,0.001090624,0.000949654,0.000145681,7.38E-05,6.04E-05,6.24E-05,1.23E-05,5.17E-06
4207.32,0.005977452,0.017190693,8.13E-05,8.32E-05,0.003835353,0.000179104,7.32E-05,0.002112084,0.002221121,8.06E-05,0.002958896,0.004765191,8.53E-05,0.004265974,0,3.83E-05,3.38E-05,0.000911328,0.001377256,0.000172072,7.23E-05,0,6.95E-05,0,0
4237.44,0.003028207,0.01516197,0.000150306,9.72E-05,0.004141189,0.000136677,7.30E-05,0.001640086,0.001331055,7.12E-05,0.002278872,0.00321712,9.49E-05,0.002468314,2.11E-05,3.15E-05,2.72E-05,0.000579284,0.000755524,0.00014379,3.06E-05,2.63E-05,5.92E-05,0,0
4267.56,0.00175556,0.016287767,4.55E-05,9.11E-05,0.001689961,0.000519452,0.000112988,0.002131656,0.001138716,4.71E-05,0.002822232,0.002147583,0.000106025,0.001707972,0.000180832,3.37E-05,4.99E-05,0.001013888,0.001661144,0.000692207,8.30E-05,6.78E-05,0.000318687,1.77E-05,2.21E-05
4297.68,0.003979087,0.016284636,6.45E-05,0.000103113,0.004484091,0.000276046,6.52E-05,0.00169503,0.0014951,3.67E-05,0.0025477,0.00255092,7.28E-05,0.002170976,0,2.31E-05,0,0.000951701,0.001286347,0.00041215,0.00010135,7.69E-05,0.0001897,0,0
4327.8,0.002789562,0.017959112,5.79E-05,0.000101181,0.002981183,0.000465848,0.000123038,0.002297651,0.002270686,6.70E-05,0.003047302,0.004007484,0.000103134,0.004130017,0,2.72E-05,0,0.001102666,0.001889684,0.000722837,0.000124932,0,0.000346984,0,0
4357.92,0.000864277,0.006774993,1.08E-05,2.73E-05,0.00122335,3.64E-05,1.14E-05,0.00020578,0.000297354,3.87E-06,0.000443066,0.000569107,1.82E-05,0.000501583,5.75E-07,6.81E-07,3.96E-07,7.82E-05,0.000142001,2.35E-05,7.09E-06,3.50E-06,8.37E-06,0,0
4388.04,0.009879699,0.016231151,0.000129503,0.000115165,0.004856743,0.000101051,0.000165501,0.002389699,0.001066798,7.23E-05,0.003298522,0.003262929,7.65E-05,0.001785571,2.07E-05,4.62E-05,3.54E-05,0.001535062,0.000929704,0.000152449,4.99E-05,4.88E-05,5.09E-05,7.36E-06,0
4448.28,0.005088384,0.016208198,0.000137195,0.000106151,0.004692811,0.000136499,6.68E-05,0.001635781,0.001374946,5.79E-05,0.002359399,0.002994021,7.81E-05,0.002556118,0,3.69E-05,0,0.000848945,0.000842726,0.000180575,4.64E-05,3.27E-05,0.000111929,0,0
4478.4,0.00448169,0.017493848,0.000114303,0.000149095,0.00494266,0.00014366,6.48E-05,0.001785664,0.002092019,5.54E-05,0.002822902,0.004133753,0.00014282,0.003512512,0,2.73E-05,0,0.000915139,0.001139385,0.000182511,8.27E-05,7.98E-05,8.53E-05,0,0
4508.52,0.004428407,0.016641886,0.000132735,0.000100762,0.004826934,0.000189078,7.75E-05,0.001749503,0.001615891,6.21E-05,0.002448592,0.003318719,0.000141591,0.002880272,0,3.13E-05,0,0.00072451,0.001066497,0.000211891,4.60E-05,4.02E-05,8.72E-05,0,0
4538.64,0.004924285,0.016415054,0.000148488,0.00011638,0.005037758,0.000113893,7.56E-05,0.001661869,0.001640326,6.76E-05,0.002411231,0.003481806,8.81E-05,0.003090279,0,2.21E-05,0,0.000627366,0.000784869,0.000119682,3.06E-05,1.59E-05,4.69E-05,0,0
4568.76,0.00353712,0.018180663,6.73E-05,0,0.003408021,0.000283029,8.25E-05,0.002248598,0.002389313,6.73E-05,0.003173652,0.004667319,8.49E-05,0.00441225,0,3.07E-05,0,0.001113293,0.002045845,0.000419386,0.000125971,0.000184224,0.000185419,0,0
4598.88,0.006518772,0.016193986,7.71E-05,9.58E-05,0.00305229,0.000165856,0.000144126,0.002761283,0.000748184,5.38E-05,0.003797541,0.002312682,7.95E-05,0.001082099,4.24E-05,8.53E-05,0.000226646,0.001660374,0.001269105,0.000266685,0.000115148,0.000103252,9.88E-05,2.56E-05,1.76E-05
4629,0.004283029,0.016964081,8.21E-05,7.80E-05,0.003681041,0.000187538,0.000105745,0.001957748,0.002245824,7.42E-05,0.00277277,0.004497301,0.000140333,0.004197487,0,2.53E-05,0,0.000984069,0.001535064,0.000241465,8.02E-05,0,9.85E-05,0,0
4659.12,0.004852773,0.016507828,8.06E-05,8.55E-05,0.00224278,0.000163194,0.000102362,0.002945579,0.000638728,5.16E-05,0.003695377,0.00221411,9.33E-05,0.00096337,7.37E-05,0,0.000346988,0.001559201,0.001550629,0.000267324,0.000113927,5.49E-05,0.00010005,2.94E-05,2.41E-05
4692,0.001886817,0.016644869,5.41E-05,9.57E-05,0.002027583,0.000524352,0.000112552,0.00214943,0.001519013,5.12E-05,0.002950722,0.002652279,0.000104961,0.002315242,0.000142687,5.31E-05,6.76E-05,0.001120237,0.001706928,0.000735028,0.00010501,9.65E-05,0.000349049,1.71E-05,2.21E-05
4722.12,0.005009892,0.017955805,9.18E-05,0.000124416,0.00576014,0.000217744,6.73E-05,0.001774004,0.002079143,4.30E-05,0.002722325,0.003831309,8.30E-05,0.003383508,0,2.55E-05,0,0.001006076,0.001286528,0.000348762,0.000103873,9.63E-05,0.000256762,0,0
4752.24,0.002083499,0.01649242,8.74E-05,0.000102049,0.001887927,0.000353808,0.000135359,0.002206113,0.001228524,5.80E-05,0.003370344,0.002590885,0.000102544,0.001842698,7.15E-05,4.28E-05,0.000109833,0.001549215,0.001370421,0.00042046,0.000150565,0.000109582,0.000198276,2.47E-05,1.96E-05
4782.36,0.016085919,0.014667739,0.000237451,0.000132959,0.005681155,0.000130282,9.13E-05,0.001683714,0.000926341,7.32E-05,0.002427027,0.002572259,9.18E-05,0.001882564,1.03E-05,4.40E-05,2.96E-05,0.000900755,0.00074059,0.000153292,2.77E-05,2.89E-05,2.51E-05,0,0
4812.48,0.003056516,0.017808231,7.36E-05,8.40E-05,0.003480795,0.000307007,9.77E-05,0.002175831,0.002375327,7.13E-05,0.002982835,0.004517601,9.36E-05,0.004344708,0,4.58E-05,0,0.00107945,0.001719451,0.000468304,0.000105031,0,0.000205028,0,0
4842.6,0.005120707,0.017401156,0.000100063,8.12E-05,0.00436704,0.000164487,6.01E-05,0.001975901,0.002267854,7.84E-05,0.002745641,0.004619188,8.47E-05,0.004242026,0,2.98E-05,0,0.001019093,0.00138063,0.0002322,7.65E-05,0,9.05E-05,0,0
4872.72,0.003426026,0.016237682,0.000169561,0.00013457,0.003607333,0.000116528,0.000123264,0.002031365,0.00163635,9.85E-05,0.003042624,0.003559268,0.00010219,0.002694148,0,2.79E-05,0,0.000853596,0.001046207,0.000171708,6.15E-05,7.80E-05,6.18E-05,0,0
4902.84,0.017144062,0.014622904,0.000307023,0.000123475,0.006116855,0.000114143,6.19E-05,0.001708126,0.00094725,8.86E-05,0.002450005,0.002751901,9.67E-05,0.002098416,0,4.66E-05,1.04E-05,0.000662528,0.000745194,9.18E-05,2.59E-05,2.50E-05,3.15E-05,0,0
4932.96,0.014961592,0.014511744,0.000242862,0.000111992,0.005596539,0.000257288,7.83E-05,0.001816328,0.001095621,8.79E-05,0.002457537,0.002891674,0.000110579,0.002144592,3.81E-05,5.54E-05,4.59E-05,0.000700307,0.00083005,0.000161034,3.12E-05,3.05E-05,6.01E-05,0,0
4963.08,0.004808425,0.01762726,9.51E-05,0.000158787,0.005172248,0.000141811,0.000107305,0.001800566,0.002011194,4.52E-05,0.002936477,0.003961254,7.97E-05,0.003355837,0,4.42E-05,0,0.001018125,0.001346613,0.00019377,0.000109583,0,9.07E-05,0,0
4993.2,0.007729328,0.015907559,8.11E-05,9.75E-05,0.003812769,0.000121696,0.00017066,0.002301673,0.000978544,5.52E-05,0.003586447,0.002825966,5.67E-05,0.001466981,4.01E-05,7.44E-05,5.27E-05,0.001550499,0.001147648,0.000175397,6.98E-05,3.76E-05,6.01E-05,1.36E-05,0
5023.32,0.0035037,0.017657397,5.21E-05,0.00010079,0.003104391,0.000393944,0.000143874,0.002191057,0.002066928,5.91E-05,0.003198031,0.003714222,9.47E-05,0.003628623,0,3.42E-05,3.85E-05,0.001113884,0.001719029,0.000614603,0.000116391,0,0.0002964,6.53E-05,0
5053.44,0.002079458,0.015894607,3.02E-05,9.34E-05,0.001753023,0.000417767,0.000380928,0.002139575,0.000873662,8.56E-05,0.003341055,0.001645487,5.82E-05,0.001311468,8.51E-05,2.91E-05,7.66E-05,0.002419325,0.001070045,0.000592923,0.000188843,0.00015901,0.000309162,2.53E-05,2.29E-05
5083.56,0.005177769,0.016106102,4.09E-05,9.43E-05,0.002410979,0.000100159,0.000250288,0.002307318,0.000851361,4.94E-05,0.004018126,0.002577186,3.88E-05,0.000976133,3.22E-05,9.34E-05,0.000158859,0.002197075,0.001034074,0.000157678,0.000103106,0,6.44E-05,3.31E-05,1.32E-05
5113.68,0.01602189,0.014853681,0.000206206,0.000124605,0.005575164,0.00013894,7.38E-05,0.001507324,0.000869475,5.71E-05,0.00234371,0.002268312,8.02E-05,0.001662535,0,3.13E-05,2.29E-05,0.001075004,0.000740129,9.89E-05,3.74E-05,3.46E-05,3.94E-05,4.31E-06,0
5143.8,0.015569725,0.014673308,0.000227727,0.000114062,0.005630252,0.000202147,7.14E-05,0.001521646,0.000945219,6.98E-05,0.002226649,0.002441935,9.34E-05,0.001787554,1.13E-05,3.05E-05,0,0.000772946,0.000780196,0.00020044,3.02E-05,2.96E-05,4.76E-05,0,0
5173.92,0.004354335,0.017066627,8.06E-05,0.000131814,0.00513172,0.000312378,7.21E-05,0.001753669,0.002026545,4.10E-05,0.002718971,0.003524563,7.58E-05,0.00304865,0,3.23E-05,0,0.001158015,0.001287196,0.000372663,0.000101807,0,0.000163229,0,0
5204.04,0.006420349,0.015766556,6.06E-05,8.79E-05,0.003042436,9.29E-05,0.000200504,0.002297505,0.000942488,5.33E-05,0.003718879,0.002777881,4.87E-05,0.001264128,2.44E-05,4.47E-05,7.52E-05,0.001825005,0.001193783,0.000195877,9.57E-05,8.06E-05,6.75E-05,1.38E-05,0
5234.16,0.013715899,0.015298467,0.000197901,0.000126557,0.005100986,0.000225923,0.00010294,0.001812327,0.000948127,6.10E-05,0.002704662,0.002396158,9.15E-05,0.001651832,3.72E-05,5.53E-05,3.88E-05,0.00121138,0.000984727,0.000190431,6.31E-05,5.87E-05,7.34E-05,1.10E-05,0
5264.28,0.00291988,0.017346985,3.83E-05,0.00011524,0.002191272,0.000546281,0.000123953,0.002301862,0.001811146,5.94E-05,0.002923351,0.003374567,0.000199346,0.003388463,5.16E-05,4.24E-05,5.12E-05,0.001527838,0.00193347,0.001090071,0.000158654,0,0.000553312,4.97E-05,0
5294.4,0.002381917,0.017056113,7.69E-05,0.000112633,0.002936217,0.000416899,0.000204315,0.002184762,0.001662073,5.35E-05,0.00332226,0.002933598,0.000101053,0.002513252,6.20E-05,4.01E-05,5.59E-05,0.001361309,0.001541115,0.000535217,0.000194427,0.000128789,0.000254437,1.94E-05,3.56E-06
5324.52,0.00408682,0.018131246,9.15E-05,0.000151989,0.004739209,0.00023023,8.97E-05,0.001923164,0.002092662,4.72E-05,0.003084068,0.003880482,8.41E-05,0.003385707,0,2.90E-05,0,0.00132217,0.001495045,0.000344653,0.000148153,0,0.000164892,0,0
5354.64,0.00464716,0.017144955,9.72E-05,8.20E-05,0.004229021,0.000165081,6.95E-05,0.001887594,0.002318658,8.01E-05,0.002653972,0.004623114,8.50E-05,0.004277109,0,2.87E-05,0,0.001028946,0.001347242,0.000201471,7.42E-05,0,7.95E-05,0,0
5384.76,0.005649422,0.016776638,0.000192478,0.000111013,0.005565702,0.000111787,9.01E-05,0.001984303,0.001907212,0.000102353,0.002705974,0.004222938,0.000102356,0.003594479,0,4.35E-05,3.10E-05,0.0010353,0.001078132,0.000186297,5.39E-05,0,6.53E-05,0,0
5414.88,0.003764822,0.016715398,0.000131839,9.61E-05,0.004414702,0.000213265,7.49E-05,0.002083164,0.001669559,7.04E-05,0.002847834,0.003727708,9.73E-05,0.003020324,5.18E-05,5.02E-05,6.59E-05,0.00102939,0.001483197,0.000293997,7.75E-05,8.00E-05,0.000122679,0,0
5445,0.004319461,0.016900405,0.000101862,0.000107382,0.005106803,0.000166022,0,0.001852562,0.002091335,5.42E-05,0.002825999,0.00421532,7.66E-05,0.003566321,0,3.36E-05,0,0.001042765,0.001338216,0.000228061,8.66E-05,9.31E-05,9.11E-05,0,0
5475.12,0.003264207,0.017226406,7.59E-05,0,0.002857185,0.000219073,8.88E-05,0.002300671,0.002087457,8.45E-05,0.003112668,0.004769041,0.000100733,0.004059423,0,3.16E-05,0,0.001071847,0.001805843,0.000391283,0.000118721,0,0.000164249,0,0
5500,0.004634817,0.016967624,9.62E-05,0.000142483,0.005226426,0.000236333,0.000126339,0.001939982,0.001998748,4.82E-05,0.003124386,0.003771006,7.59E-05,0.003232233,0,3.02E-05,0,0.001112836,0.001386487,0.000274915,0.000108622,0.000111213,0.000119833,0,0
5530.12,0.001843823,0.015564398,1.00E-04,8.41E-05,0.001714549,0.000311681,0.000110078,0.00218471,0.001124822,6.95E-05,0.003171577,0.002558148,0.000109402,0.001714487,9.21E-05,7.54E-05,0.000188169,0.001415975,0.00131692,0.000448555,0.000133981,0.000102603,0.000208814,2.31E-05,1.98E-05
5560.24,0.005341951,0.016489394,5.90E-05,8.71E-05,0.002563365,0.000211189,0.000174641,0.002623517,0.000844717,5.18E-05,0.003943952,0.002531712,0.000109157,0.001291314,8.51E-05,9.79E-05,0.000255939,0.001978117,0.001480471,0.000321661,0.00014382,0,0.000142802,3.24E-05,2.14E-05
5590.36,0.00397099,0.016233195,0.000204871,0.000132499,0.003871483,0.000158085,9.41E-05,0.002080526,0.00173094,9.76E-05,0.003031483,0.003655009,0.000105232,0.00270366,0,3.46E-05,0,0.000981016,0.001273655,0.000228137,8.33E-05,0,9.46E-05,0,0
5620.48,0.003818194,0.017325375,0.000104018,0,0.003494209,0.000136529,7.95E-05,0.002279591,0.002220232,0.000104062,0.003053004,0.00500357,0.000103673,0.004235718,0,2.38E-05,0,0.00107819,0.001561435,0.000214864,9.63E-05,0,7.32E-05,0,0
5650.6,0.005183368,0.016973005,9.63E-05,7.74E-05,0.00392138,0.000118702,7.28E-05,0.002259023,0.002309619,0.000108992,0.003022819,0.00493605,8.90E-05,0.004360318,0,3.20E-05,0,0.001073298,0.001544118,0.000204111,9.47E-05,0,6.66E-05,0,0
5680.72,0.005580846,0.017290104,0.000134481,0.000159353,0.005478875,0.000111139,5.76E-05,0.001959458,0.001990132,5.73E-05,0.003062062,0.00408789,8.39E-05,0.003374568,0,2.89E-05,0,0.001110905,0.001358353,0.000179519,0.000123703,0.000133073,7.97E-05,0,0
5710.84,0.005888673,0.015748064,9.39E-05,8.21E-05,0.003405882,0.000104379,0.000167801,0.002806097,0.000938234,7.70E-05,0.003598114,0.003400439,7.27E-05,0.001723328,5.15E-05,8.07E-05,0.000112059,0.001682694,0.001242258,0.000254805,8.77E-05,7.14E-05,9.40E-05,1.14E-05,0
5740.96,0.002670794,0.01672556,0.000131616,0.000112578,0.00338883,0.000339802,9.83E-05,0.002206176,0.001823752,7.34E-05,0.003168463,0.003370234,0.00010483,0.002801116,0,3.04E-05,1.68E-05,0.001027533,0.001583413,0.000409129,0.000115624,0.000109182,0.000188368,1.36E-05,0
5771.08,0.002291817,0.017268791,4.16E-05,9.24E-05,0.002440567,0.000418342,0.000154464,0.002311129,0.00185307,5.16E-05,0.003336981,0.003526538,7.83E-05,0.003465607,0,1.41E-05,0,0.001519655,0.002018833,0.00082499,0.000183411,0,0.000401868,0,2.69E-05
5801.2,0.00309922,0.016572335,0.00018403,0.000123833,0.003597381,0.000296759,9.51E-05,0.002171499,0.001888164,9.19E-05,0.003180938,0.003670846,0.000117426,0.002851811,0,4.32E-05,4.00E-05,0.001037662,0.001490667,0.000332306,9.62E-05,0,0.000141576,0,0
5831.32,0.002997138,0.016232214,0.000151685,0.000115823,0.002782153,0.000272389,0.000121683,0.002291739,0.001399367,8.64E-05,0.003459678,0.003133415,0.000123587,0.002048931,2.15E-05,4.28E-05,6.50E-05,0.001355247,0.001477433,0.000480142,0.000167047,0.000121235,0.000226136,3.01E-05,0
5861.44,0.011127305,0.015517651,0.000223343,0.0001179,0.005555259,9.19E-05,0.000114881,0.002366307,0.001045187,0.000104378,0.002942379,0.003400867,9.35E-05,0.002088257,0,3.99E-05,5.02E-05,0.001534975,0.000923369,0.000166112,4.74E-05,4.72E-05,4.66E-05,0,0
5891.56,0.005227591,0.016588588,0.000113526,0.000127128,0.005533379,0.000130835,0,0.001769966,0.001908055,4.78E-05,0.002799825,0.003860112,6.95E-05,0.003197265,0,2.54E-05,0,0.000988409,0.001206477,0.000169581,8.71E-05,0,7.33E-05,0,0
5921.68,0.003274416,0.016206358,0.000192456,0.000114627,0.003589485,0.000212666,8.39E-05,0.002198578,0.001719959,9.84E-05,0.003090763,0.003597026,0.00011373,0.00274354,0,3.61E-05,0,0.001002052,0.00144058,0.000357975,0.000109072,0,0.000147992,0,0
5951.8,0.004790417,0.016196876,0.000144445,0.000116618,0.004816912,9.19E-05,0.000108589,0.002076249,0.001769358,9.66E-05,0.002900113,0.003967669,9.49E-05,0.003354158,0,2.67E-05,0,0.00093489,0.001127424,0.000168041,6.57E-05,0,5.84E-05,0,0
5981.92,0.005206442,0.016706804,9.76E-05,0.00014361,0.005387159,0.000187565,7.21E-05,0.001727186,0.001885334,5.04E-05,0.002755761,0.003781069,7.93E-05,0.003185533,0,4.12E-05,0,0.000917871,0.001265925,0.000203097,9.89E-05,0,0.000106076,0,0
6012.04,0.016140683,0.014101309,0.000270106,0.000134099,0.005636925,9.66E-05,5.67E-05,0.001713748,0.000914468,8.26E-05,0.002574856,0.00256219,8.62E-05,0.001947308,0,2.38E-05,0,0.000776036,0.000886883,0.000107723,3.90E-05,3.57E-05,3.68E-05,0,0
6042.16,0.004221907,0.016993975,8.57E-05,0.000147168,0.004930442,0.000237531,7.86E-05,0.001827736,0.001944712,4.68E-05,0.003081773,0.003700813,8.08E-05,0.003056884,0,5.64E-05,0,0.001077655,0.001427416,0.000310503,0.000116958,0.000124594,0.000155484,0,0
6072.28,0.005612524,0.017027374,0.000123475,0.00016715,0.0057865,0.000143846,0.000130479,0.001865659,0.001714839,6.15E-05,0.003006484,0.003686586,7.63E-05,0.002977773,0,3.40E-05,0,0.000996395,0.001157535,0.0001923,9.83E-05,0,9.34E-05,0,0
6102.4,0.00485016,0.017410804,0.000160348,0.000148051,0.00515483,0.000217024,0.000130999,0.002207273,0.001925128,8.86E-05,0.003115043,0.00406401,0.000115178,0.003655572,0,4.10E-05,1.74E-05,0.00108756,0.00138117,0.000305088,9.74E-05,0,0.000134722,0,0
6132.52,0.002826974,0.016903677,0.000186555,0.000130774,0.003344655,0.000394005,0.000121912,0.002257104,0.001837361,0.000100842,0.00314669,0.00359152,0.000134045,0.002866719,4.84E-05,4.58E-05,2.00E-05,0.00106025,0.001650265,0.000535797,0.000123831,0,0.000261403,1.94E-05,0
6162.64,0.014538425,0.014155662,0.00020704,0.000115577,0.005286158,0.000195968,6.30E-05,0.001584042,0.000994945,6.52E-05,0.002364742,0.002474259,8.84E-05,0.001849222,0,2.55E-05,0,0.000681799,0.000774269,0.000124193,3.05E-05,4.71E-05,7.77E-05,0,0
6192.76,0.002870863,0.017655695,0.000158455,0.000139181,0.003688159,0.000416666,0.000117747,0.002317541,0.00207215,8.45E-05,0.003295515,0.003752282,0.000126184,0.003193217,0,3.63E-05,0,0.0011234,0.001697184,0.000475997,0.000125123,7.44E-05,0.000230639,7.81E-06,0
6222.88,0.014500901,0.01518844,0.000192514,0.000123414,0.005487174,0.000241614,7.89E-05,0.001825874,0.001091436,6.71E-05,0.002739391,0.002654557,9.43E-05,0.001996157,2.86E-05,4.60E-05,5.29E-05,0.001077934,0.001142182,0.000186044,6.03E-05,5.74E-05,7.28E-05,0,0
6253,0.00399575,0.017596999,6.80E-05,0,0.002912833,0.000186087,8.00E-05,0.002210094,0.002330654,9.31E-05,0.003067644,0.005047442,9.82E-05,0.004594338,0,2.82E-05,0,0.001170161,0.002026779,0.000279468,0.000113979,0,0.000103353,0,0
6283.12,0.002776776,0.01677126,8.90E-05,0.000112106,0.002402207,0.000556037,9.13E-05,0.002302094,0.001247342,5.87E-05,0.00307229,0.002361092,0.000120974,0.001793635,7.48E-05,4.18E-05,6.10E-05,0.001555999,0.001606488,0.001022681,0.000189736,0.000136284,0.000530116,2.54E-05,2.69E-05
6310,0.01594681,0.014427398,0.000242956,0.000127136,0.005592663,0.000206566,8.47E-05,0.001664647,0.001012727,7.57E-05,0.002518567,0.002607536,9.55E-05,0.001897165,0,2.45E-05,0,0.000741134,0.000885406,0.000153911,4.35E-05,3.94E-05,5.94E-05,0,0
6340.12,0.003038358,0.017478242,0.000155944,0.000143901,0.003702129,0.000467978,0.000119837,0.002290915,0.001972284,7.89E-05,0.003213416,0.003443714,0.000119601,0.002869627,0,3.65E-05,0,0.001165587,0.001541687,0.000503622,0.000128818,0.000129429,0.000245024,1.43E-05,0
6370.24,0.003510178,0.017727847,7.46E-05,8.30E-05,0.003333115,0.000227138,0.000121867,0.002197736,0.002332086,7.88E-05,0.003197729,0.004597559,0.000101959,0.004353882,0,2.34E-05,0,0.001135286,0.001891578,0.000356783,0.000116885,0,0.000155205,0,0
6400.36,0.002872767,0.016774803,6.05E-05,9.10E-05,0.003286326,0.000219632,0.000170129,0.001917495,0.001931763,6.32E-05,0.003138695,0.003789948,6.55E-05,0.003534932,0,0,0,0.001119437,0.001549015,0.000356519,0.000111795,0,0.000148967,0,0
6430.48,0.002791581,0.016175903,5.32E-05,0.000126953,0.002570189,0.000675928,0.000180514,0.00243768,0.00109294,5.00E-05,0.003216955,0.001876455,0,0.001645859,0.00016437,5.78E-05,0.000164478,0.002712636,0.001215461,0.001169246,0.000250383,0.000164087,0.000622857,2.71E-05,5.28E-05
6460.6,0.002316112,0.01495446,0,7.13E-05,0.000519734,0.000957657,0.000146381,0.00233228,0.000407318,3.94E-05,0.003139352,0.000659401,0,0.000528074,0.000284307,4.19E-05,0.000143811,0.002370359,0.000917565,0.001683341,0.000199275,0.000113146,0.000924456,3.22E-05,6.95E-05
6490.72,0.002245854,0.01748197,4.22E-05,9.79E-05,0.002660183,0.000506801,0.000156457,0.002176575,0.001991551,4.67E-05,0.003082005,0.003383846,8.74E-05,0.003415635,0,3.91E-05,0,0.001423209,0.001807759,0.000984432,0.000156508,0,0.000487773,1.33E-05,0
6520.84,0.002006141,0.017464176,4.96E-05,8.08E-05,0.002474047,0.000382992,0.000132666,0.002239607,0.00232493,6.94E-05,0.003135099,0.004331127,0.000106226,0.004270222,0,2.92E-05,0,0.001259331,0.00207224,0.000731911,0.00013848,0,0.000345199,0,0
6550.96,0.001282432,0.017183847,0,0,0.000670592,0.000537844,6.68E-05,0.002231124,0.000471715,2.47E-05,0.002840789,0.001209175,6.40E-05,0.000982498,0,3.69E-05,7.39E-05,0.002192135,0.002158359,0.001176216,0.000367019,0,0.000599812,3.84E-05,0.000105498
6581.08,0.002292446,0.016952675,7.87E-05,9.20E-05,0.001735081,0.000539278,0.000111532,0.002427568,0.000937526,4.82E-05,0.003421045,0.001839269,0.000116018,0.001213167,7.88E-05,4.77E-05,0.000120091,0.002118052,0.001741836,0.001029909,0.000299806,0,0.000531645,5.47E-05,3.50E-05
6611.2,0.003010223,0.017118878,0.000182765,0.000149236,0.003139834,0.000390764,0.000152078,0.00231881,0.001716376,9.75E-05,0.003580565,0.003493305,0.000138895,0.002377936,0,4.46E-05,7.03E-05,0.00134714,0.001596247,0.000565052,0.000157821,0,0.000258939,1.98E-05,0
6641.32,0.001998564,0.01718493,4.11E-05,0,0.002023083,0.000404694,9.46E-05,0.002138662,0.00127955,3.88E-05,0.002963641,0.00259764,7.85E-05,0.00224867,0,3.16E-05,0,0.001564406,0.002552847,0.000853195,0.000273725,0,0.000419499,2.15E-05,2.81E-05
6671.44,0.005319728,0.019244148,0.000136443,0.000213232,0.005893714,0.000254155,9.66E-05,0.00229468,0.002508576,6.01E-05,0.003571497,0.00462065,0.000100418,0.004033737,0,3.79E-05,0,0.001436091,0.001635203,0.000271943,0.000149766,0.00019461,0.000136103,0,0
6701.56,0.004958483,0.01900846,9.20E-05,0.00020796,0.005603341,0.00025031,0.000137794,0.002176778,0.002127833,4.68E-05,0.00368773,0.003934777,8.50E-05,0.003430316,0,3.29E-05,0,0.001535423,0.001578117,0.000312785,0.000173134,0,0.000162395,0,0
6731.68,0.00300418,0.017763389,0.00016981,0.000129837,0.003670076,0.000379799,0.000105531,0.002364788,0.002053334,8.84E-05,0.003306746,0.003836793,0.000123662,0.0031815,0,4.07E-05,3.61E-05,0.001342857,0.001725492,0.000499257,0.00015049,0,0.000241381,1.56E-05,0
6761.8,0.003385962,0.017683429,0.000209559,0.00013447,0.003876134,0.000302073,0.000101231,0.002373718,0.00205917,0.000107467,0.003289559,0.004074134,0.00013045,0.003220601,0,5.56E-05,0,0.001194105,0.001578326,0.000431418,0.000123892,0.000132233,0.000196121,0,0
6791.92,0.003310075,0.017642213,0.000205711,0.000124948,0.003851268,0.000280568,8.94E-05,0.002320732,0.001978199,9.79E-05,0.003146839,0.003948415,0.000120838,0.003134301,0,5.37E-05,0,0.001151473,0.001626918,0.000426108,0.00012839,0,0.000194183,0,0
6822.04,0.00599312,0.018020925,0.000203046,0.000138485,0.006017741,0.000185793,7.60E-05,0.002167015,0.002018378,8.63E-05,0.002939522,0.004219043,0.000105465,0.003726866,0,3.24E-05,0,0.001074892,0.001264592,0.000267571,8.61E-05,8.92E-05,0.000111505,0,0
6852.16,0.005957433,0.017515187,0.000214781,0.000148025,0.005746647,0.00013926,0.000111113,0.002249222,0.002022211,0.000104584,0.003089844,0.004379669,0.000110639,0.003783811,0,4.41E-05,0,0.001172667,0.001257373,0.000232282,8.69E-05,0,9.08E-05,0,0
6882.28,0.003800422,0.01770253,0.000125484,9.59E-05,0.004163603,0.000307813,8.00E-05,0.002406414,0.001521431,6.85E-05,0.003221086,0.003211163,9.79E-05,0.002658091,0,3.66E-05,0,0.001398406,0.001899457,0.000593988,0.000209939,0,0.000283865,9.26E-06,0
6912.4,0.0142546,0.013573835,0.000184427,0.000127578,0.005337597,4.29E-05,6.52E-05,0.001502253,0.000772805,6.30E-05,0.002255881,0.002211115,6.35E-05,0.001655352,0,2.68E-05,0,0.001032786,0.000683444,7.31E-05,4.83E-05,2.97E-05,2.40E-05,0,0
6942.52,0.005645846,0.019425281,9.53E-05,0.000214763,0.006001503,0.000228394,0.000106693,0.002397813,0.00252007,4.65E-05,0.003807994,0.004590204,8.20E-05,0.003989713,0,4.63E-05,0,0.001483623,0.001920327,0.000213523,0.000175451,0,0.000111745,0,0
6972.64,0.007005751,0.017799356,0.000213968,0.000149245,0.006284571,0.000105338,9.97E-05,0.002252837,0.002018847,0.000102548,0.003079556,0.004359649,0.000100166,0.003788391,0,5.65E-05,0,0.001216737,0.001262305,0.000204584,8.93E-05,0,7.28E-05,0,0
7002.76,0.015227607,0.012874909,0.000239384,0.000112992,0.005277261,5.85E-05,9.38E-05,0.0015815,0.000775518,8.03E-05,0.002323628,0.002319052,7.20E-05,0.001750258,0,3.34E-05,3.21E-05,0.000837767,0.00074401,0.000120309,3.71E-05,3.56E-05,3.25E-05,0,0
7032.88,0.014743676,0.013125333,0.000218416,0.000115232,0.005260238,6.72E-05,7.74E-05,0.001647274,0.000776369,7.75E-05,0.002447946,0.002258501,7.49E-05,0.001666814,0,2.14E-05,0,0.00084944,0.000755776,0.00014121,4.66E-05,4.11E-05,6.39E-05,0,0
7063,0.003122474,0.017657886,0.000196586,0.000128873,0.003793315,0.000345126,0.000100387,0.002520417,0.002067812,0.000103801,0.003489682,0.004081866,0.000130395,0.003295831,0,4.55E-05,0,0.001301861,0.001833,0.000572185,0.000161803,0,0.000264344,0,0
7093.12,0.004158444,0.014937211,8.14E-05,7.56E-05,0.001886613,0.000143318,6.24E-05,0.002400386,0.000476766,4.18E-05,0.00303073,0.001589289,0.000124826,0.000771397,5.56E-05,3.58E-05,0.000136285,0.001159266,0.001778766,0.00038321,0.000162912,0.000123452,0.000155094,2.15E-05,1.91E-05
7126,0.006161826,0.019366006,8.24E-05,0.000205933,0.006317153,0.000124692,7.22E-05,0.002376042,0.002452686,4.60E-05,0.003813118,0.004959674,7.32E-05,0.004157281,0,3.07E-05,0,0.001523555,0.001785843,0.000178923,0.000177423,0,0.000125702,0,0
7156.12,0.004754457,0.017765719,9.02E-05,8.89E-05,0.004060725,0.000204123,7.69E-05,0.002391937,0.002610425,8.57E-05,0.003321137,0.005215022,9.42E-05,0.004865857,0,4.10E-05,0,0.001196896,0.001950966,0.00027102,0.000192364,0,0.000116778,0,0
7186.24,0.014944232,0.01428006,0.000211247,0.000120658,0.005377528,0.000197602,6.62E-05,0.001607763,0.00101705,6.51E-05,0.002480664,0.002546077,8.55E-05,0.001897091,0,2.18E-05,0,0.000721797,0.000945624,0.000137642,4.56E-05,4.51E-05,5.56E-05,0,0
7216.36,0.004826444,0.017476915,0.000135858,0.000111794,0.004495217,0.000283312,9.79E-05,0.002362346,0.001310452,6.46E-05,0.003312217,0.002874752,9.86E-05,0.002418314,0,4.79E-05,4.81E-05,0.001739043,0.001275787,0.000531366,0.00025171,0,0.000261993,2.08E-05,1.92E-05
7246.48,0.005203679,0.018488105,0.000104389,0.000189907,0.005656842,0.000141513,7.87E-05,0.00202614,0.002102338,4.80E-05,0.003394046,0.004185189,6.62E-05,0.003589617,0,4.13E-05,0,0.001361722,0.001490115,0.000181954,0.000135092,0,7.85E-05,0,0
7276.6,0.012734475,0.01287038,0.000165716,9.15E-05,0.004719475,0.000134089,5.21E-05,0.001316096,0.000785806,5.34E-05,0.002045716,0.002073758,6.90E-05,0.001536078,0,1.86E-05,0,0.000602255,0.00064299,0.000158411,4.16E-05,4.10E-05,5.95E-05,0,0
7306.72,0.003554714,0.017777667,6.70E-05,9.33E-05,0.003344499,0.000330322,0.000115195,0.002362627,0.002416766,6.89E-05,0.003343271,0.004619358,0.000101532,0.004377878,0,3.60E-05,0,0.001240701,0.001910107,0.000531096,0.000137264,0,0.000246886,0,0
7336.84,0.005295769,0.016386292,6.77E-05,0,0.002737157,0.00018173,0.000109867,0.002571717,0.000905402,4.92E-05,0.003522337,0.002687868,8.27E-05,0.001375696,7.14E-05,4.46E-05,0.000100676,0.001546758,0.002185777,0.000512145,0.000176772,0.000162904,0.00020496,2.05E-05,0
7366.96,0.002428294,0.017402592,1.00E-04,0.000110603,0.001997074,0.00041852,0.000137706,0.002684322,0.001225458,6.34E-05,0.003998675,0.002594576,0.000114911,0.001799126,0,4.76E-05,8.40E-05,0.002268501,0.001531902,0.00068926,0.000366682,0.000209948,0.000360866,3.61E-05,2.91E-05
7397.08,0.002761395,0.017641046,0.000116471,0.000109561,0.002403184,0.000555591,0.000116101,0.002762869,0.001416758,7.07E-05,0.003752966,0.002789799,0.000136598,0.00199767,5.35E-05,7.64E-05,0.000149031,0.002214327,0.00176449,0.001123324,0.000325377,0,0.000587983,3.25E-05,3.41E-05
7427.2,0.003728407,0.018412867,0.000127319,0.000111244,0.004546738,0.000447246,0.000110074,0.0026408,0.001952373,7.93E-05,0.003481476,0.003763867,0.000115864,0.00332707,0,6.38E-05,8.66E-05,0.00162611,0.002206447,0.000737533,0.000219974,0.000210341,0.000361578,2.07E-05,0
7457.32,0.006050394,0.018068582,0.000191157,0.000137884,0.005956938,0.000154535,8.34E-05,0.002100974,0.002011635,8.25E-05,0.002977777,0.004182387,9.75E-05,0.0037423,0,2.97E-05,0,0.001134013,0.001236383,0.000232983,9.00E-05,0,9.19E-05,0,0
7487.44,0.002527151,0.016602404,0.000161707,0.000109735,0.003249682,0.000295419,8.86E-05,0.002039251,0.001849608,8.34E-05,0.002963689,0.003563913,0.000107571,0.002895119,0,3.03E-05,0,0.000989757,0.001489462,0.000403036,0.000116721,0,0.000181702,0,0
7517.56,0.003018669,0.017642803,6.05E-05,7.93E-05,0.002965329,0.000291149,8.31E-05,0.00227021,0.002299404,6.81E-05,0.003135336,0.004541217,9.43E-05,0.004335968,0,3.15E-05,0,0.001182003,0.001906007,0.00052642,0.000129743,0,0.000241527,0,0
7547.68,0.003654539,0.018400329,0.000137099,0.000126082,0.004534845,0.000342781,0.000126261,0.002579528,0.002003809,7.50E-05,0.003487509,0.004070798,0.000112455,0.003502923,0,4.02E-05,4.09E-05,0.001565355,0.001706177,0.000570964,0.000192288,0,0.00026972,1.56E-05,0
7577.8,0.004485213,0.018336936,8.71E-05,0.000154825,0.0053654,0.000184104,0,0.002026006,0.002320047,4.48E-05,0.003392085,0.004477426,7.12E-05,0.003697136,0,2.94E-05,0,0.001262188,0.001589427,0.000236797,0.000129891,0,0.000100515,0,0
7607.92,0.004694458,0.01891782,5.56E-05,0.000138613,0.004869093,0.000496012,9.65E-05,0.002411037,0.002466801,3.82E-05,0.003603831,0.004022616,7.71E-05,0.003618233,0,2.62E-05,0,0.001417273,0.002073989,0.000772587,0.00021431,0,0.000379102,0,0
7638.04,0.003922462,0.016051303,4.27E-05,0,0.001824549,0.000171138,0.000181694,0.002387159,0.000674908,4.15E-05,0.003859665,0.002051817,5.01E-05,0.000853169,6.06E-05,4.27E-05,0.000130757,0.00203729,0.001395145,0.000326823,0.000208613,0.000169687,0.000163854,3.31E-05,2.12E-05
7668.16,0.002168739,0.016916212,3.52E-05,0.000135735,0.001284505,0.000871762,0.000200005,0.002622598,0.001017737,5.65E-05,0.003342231,0.001430047,0,0.001183963,7.46E-05,3.27E-05,4.41E-05,0.002731191,0.00163892,0.001866107,0.000310627,0.000261747,0.00101544,2.67E-05,8.31E-05
7698.28,0.004747929,0.018152864,0.000133936,0.000144835,0.005184136,0.000261601,0.000153971,0.002193478,0.001977479,6.69E-05,0.00326417,0.003803935,9.56E-05,0.003367256,0,3.07E-05,0,0.001426022,0.001502949,0.000400729,0.000139263,0.000152503,0.000178414,0,0
7728.4,0.001890844,0.017674674,5.32E-05,0,0.000940854,0.00083607,0.000122431,0.002535946,0.000924712,5.59E-05,0.00363552,0.001860681,0.000166192,0.000958826,8.00E-05,4.28E-05,0,0.001952614,0.002504596,0.00189918,0.000348666,0,0.000971757,3.31E-05,4.46E-05
7758.52,0.015447444,0.01460548,0.000190138,0.00012823,0.005889098,6.04E-05,6.91E-05,0.001479475,0.00087494,6.10E-05,0.002285517,0.002373062,6.57E-05,0.001795539,0,2.65E-05,0,0.001415671,0.000794851,0.000156061,7.11E-05,4.43E-05,3.29E-05,0,0
7788.64,0.002480916,0.017097495,0.000110468,0.00010273,0.001970791,0.000522695,0.000129519,0.002574609,0.001043469,7.60E-05,0.003766399,0.002280387,0.000221036,0.001349809,8.20E-05,8.43E-05,0.00013114,0.002189339,0.001731621,0.001226821,0.000359078,0,0.000631262,3.75E-05,3.50E-05
7818.76,0.005491128,0.01810088,0.000155267,0.000137298,0.00533991,0.000261627,0.000101242,0.002293261,0.00190201,7.49E-05,0.003234164,0.003878628,0.000106548,0.003434288,0,3.46E-05,0,0.001672423,0.001306558,0.000516677,0.000159475,0,0.0002484,1.22E-05,1.49E-05
7848.88,0.00372627,0.017337618,8.60E-05,8.83E-05,0.004133639,0.000217792,7.82E-05,0.001947653,0.002272755,6.44E-05,0.002787582,0.004367423,8.29E-05,0.00414948,0,2.59E-05,0,0.000985395,0.001406155,0.000290266,9.12E-05,0,0.00012149,0,0
7879,0.00336331,0.017599402,6.72E-05,0.000103182,0.003441588,0.000383807,0.000128339,0.002195213,0.002187419,6.23E-05,0.003078222,0.004032112,0.000101406,0.003915788,0,2.69E-05,0,0.001149357,0.00168161,0.000636529,0.000126481,0,0.000302035,0,0
7909.12,0.004591985,0.015819778,3.90E-05,7.86E-05,0.00193402,0.000182015,0.00019708,0.002481676,0.000654511,4.43E-05,0.004046267,0.002012885,4.64E-05,0.000791837,5.17E-05,5.42E-05,0.000180528,0.002336191,0.00123631,0.000329238,0.000251217,0.000180112,0.000170099,3.91E-05,2.67E-05
7939,0.001811425,0.016840873,8.01E-05,7.81E-05,0.001433361,0.000459731,8.78E-05,0.002298578,0.001065776,5.63E-05,0.003269865,0.002257817,0.000110166,0.001511254,5.18E-05,3.84E-05,6.46E-05,0.001816371,0.001730177,0.001013933,0.000275292,0,0.00050699,2.52E-05,2.84E-05
7969.12,0.004874792,0.019854127,8.45E-05,0.000133458,0.005520851,0.000326302,0,0.002396198,0.002652688,4.31E-05,0.003544317,0.004662684,8.34E-05,0.004050659,0,7.83E-05,0,0.001763991,0.00239347,0.000457661,0.000244379,0,0.000219592,0,0
7999.24,0.004152308,0.017650948,7.59E-05,0,0.003220672,0.000181193,6.94E-05,0.002216798,0.002408092,8.51E-05,0.003048697,0.005066657,9.08E-05,0.004610421,0,2.66E-05,0,0.00111333,0.00183391,0.000299346,0.000120287,0,0.000114767,0,0
8029.36,0.005947064,0.017495634,0.000202046,0.000123105,0.005769413,0.000140714,8.01E-05,0.002013223,0.001847959,9.03E-05,0.00278199,0.004075378,9.31E-05,0.003531117,0,3.28E-05,0,0.000981193,0.001106123,0.000236417,7.78E-05,0,9.17E-05,0,0
8059.48,0.006913251,0.015395238,9.01E-05,8.35E-05,0.003266789,0.000156089,0.000103814,0.002565554,0.000712627,5.67E-05,0.003415698,0.002253186,8.55E-05,0.001176663,4.59E-05,5.94E-05,0.000166357,0.001611013,0.001298584,0.000353217,0.000204424,0.000127068,0.000153221,2.06E-05,1.27E-05
8089.6,0.002116782,0.017321968,9.30E-05,9.05E-05,0.001781966,0.000560248,0.000111393,0.002575873,0.001262131,6.71E-05,0.00367099,0.002554332,0.000131284,0.001769402,0,4.36E-05,4.38E-05,0.001784871,0.001997168,0.001327904,0.000320735,0,0.000671612,3.02E-05,5.42E-05
8119.72,0.002247861,0.017840628,7.02E-05,0.000113778,0.00244137,0.000637264,0.000127373,0.002549193,0.001689425,5.61E-05,0.003428606,0.0028305,0.000105964,0.002445106,0,2.82E-05,0,0.001536868,0.002001773,0.001228015,0.000227607,0,0.000626456,1.20E-05,3.06E-05
8149.84,0.002182119,0.01585342,6.07E-05,7.29E-05,0.002480362,0.000322512,9.14E-05,0.001903349,0.001106072,4.23E-05,0.002742009,0.002303963,7.32E-05,0.001882193,0,3.06E-05,0,0.001140271,0.001657017,0.000588693,0.000187906,0,0.000278074,1.68E-05,0
8179.96,0.006625472,0.019327759,9.43E-05,0.00017875,0.006148815,0.000130211,0,0.002416,0.002557245,4.80E-05,0.00375817,0.005128674,7.76E-05,0.004230176,0,4.90E-05,0,0.001812032,0.001917549,0.000210822,0.000199538,0,9.61E-05,0,0
8210.08,0.005972234,0.016666746,0.000200292,0.000116424,0.00536761,8.37E-05,9.43E-05,0.00214002,0.001750296,0.000113271,0.002890138,0.004011822,9.21E-05,0.003283285,0,3.36E-05,0,0.001078294,0.001082931,0.000341313,8.50E-05,0,7.55E-05,0,0
8240.2,0.00378443,0.017515311,0.000190905,0.000146735,0.003570141,0.000240623,0.000130418,0.002653454,0.001800335,0.000117033,0.003880366,0.003987222,0.000123251,0.002772422,0,3.81E-05,0,0.001499876,0.001766451,0.000511076,0.000226242,0,0.000224944,4.10E-05,0
8270.32,0.005811993,0.01872944,0.000151448,0.000159784,0.006078042,0.000192937,0,0.002301069,0.002368393,6.43E-05,0.00347791,0.00458659,9.21E-05,0.003899135,0,6.03E-05,0,0.001388813,0.001693428,0.00025031,0.000166418,0,0.000117271,0,0
8300.44,0.001878074,0.016985405,5.12E-05,0,0.002194729,0.000315933,0.0001049,0.002363631,0.001931632,6.55E-05,0.00318972,0.004207172,9.49E-05,0.003738702,0,3.10E-05,0,0.001216937,0.002184569,0.000672543,0.000181979,0,0.000315276,0,0
8330.56,0.003761898,0.017479544,9.51E-05,0.000108306,0.005613466,0.000128875,0.000181219,0.002420806,0.001839505,8.95E-05,0.003273436,0.004308139,7.00E-05,0.003596449,0,2.86E-05,0,0.001224464,0.001374967,0.000297891,0.000134629,0,0.00011299,0,0
8360.68,0.002925222,0.015994905,6.05E-05,8.25E-05,0.001297882,0.000458592,0.000118249,0.002539341,0.000702509,5.34E-05,0.003583879,0.001628462,0.000111659,0.0009926,0,0.000124678,0.000169956,0.002042189,0.001310802,0.000876073,0.000419919,0.000211189,0.000471386,0,3.96E-05
8390.8,0.003882555,0.017364371,6.89E-05,8.09E-05,0.003023874,0.000187176,0.000101677,0.002220025,0.002285564,7.92E-05,0.003268635,0.004804153,9.46E-05,0.004413035,0,2.36E-05,0,0.001100769,0.001899113,0.000279084,0.000127064,0,0.000106089,0,0
8420.92,0.004298948,0.018620524,0.00011344,0.00013584,0.005023344,0.000204404,0,0.002259556,0.002417904,6.24E-05,0.00337081,0.004809575,8.90E-05,0.004084061,0,3.68E-05,0,0.001388861,0.001726493,0.000280326,0.000165832,0,0.000130375,0,0
8451.04,0.00489932,0.018911087,0.000120061,0.000124155,0.005479598,0.000267056,5.54E-05,0.002372348,0.002180487,5.55E-05,0.003443869,0.004093267,8.72E-05,0.003417551,0,6.58E-05,0,0.001674753,0.001983897,0.000524249,0.00024599,0,0.000254601,0,0
8481.16,0.004866395,0.017598526,8.62E-05,0.000118407,0.005182314,0.000151725,0,0.002027276,0.002258919,4.79E-05,0.003132223,0.004532551,6.49E-05,0.003825921,0,2.72E-05,0,0.001179176,0.001534032,0.000349625,0.000129301,0,9.69E-05,0,0
8511.28,0.003954069,0.014851573,0.000154261,9.16E-05,0.00408931,0.000119686,7.85E-05,0.001596675,0.001285043,7.95E-05,0.002376402,0.003008867,8.41E-05,0.002500358,0,2.90E-05,0,0.000705434,0.000881945,0.000254083,7.56E-05,0,0.000100343,0,0
8541.4,0.00484675,0.01880744,7.90E-05,0.000131708,0.00544323,0.000315935,0,0.00216249,0.00227581,3.75E-05,0.003350895,0.003933521,7.25E-05,0.003425887,0,3.32E-05,0,0.001398763,0.001917228,0.000381557,0.000209249,0,0.00018632,0,0
8571.52,0.0028453,0.015655197,0,0,0.000692972,0.000666239,0.000102161,0.002588552,0.00025615,3.58E-05,0.003581622,0.000754196,0.00014798,0.00038017,7.69E-05,8.23E-05,0.000151185,0.002713695,0.001137063,0.00164268,0.000446952,0.000194817,0.000896,5.37E-05,9.39E-05
8601.64,0.004081016,0.019578406,5.89E-05,0.000166272,0.004768976,0.00054806,0.00020019,0.002475079,0.0023437,4.03E-05,0.003812478,0.003719981,0.000131272,0.003215917,0,2.19E-05,0,0.001822884,0.002184985,0.000710899,0.000283867,0,0.000367688,0,0
8631.76,0.004024743,0.015831744,4.24E-05,0,0.002306907,7.02E-05,0.000198478,0.002504838,0.000790689,5.36E-05,0.003960945,0.002709688,4.12E-05,0.001065751,0,5.72E-05,8.67E-05,0.002096521,0.001354518,0.000234677,0.000171242,0.000187878,8.91E-05,1.55E-05,0
8661.88,0.016557507,0.014551536,0.000244664,0.000123608,0.005826241,0.000148325,6.03E-05,0.001737303,0.000997933,7.29E-05,0.002661473,0.002599363,8.66E-05,0.002016172,0,3.62E-05,5.44E-05,0.001049543,0.001152276,0.000169502,7.33E-05,6.57E-05,6.05E-05,0,0
8692,0.003559039,0.017568829,0.000210973,0.00012127,0.003845354,0.000281503,9.76E-05,0.002350903,0.002030674,0.000107663,0.003281709,0.004091386,0.000126885,0.003052748,0,4.00E-05,0,0.001310953,0.001721018,0.000481222,0.000162519,0,0.000214079,0,0
8722.12,0.007920451,0.0190481,0.000127817,0.000158395,0.006882922,0.000129934,0,0.002138082,0.002398604,4.73E-05,0.00328041,0.004674085,7.34E-05,0.003908949,0,4.09E-05,0,0.001560834,0.001656298,0.000179383,0.000156951,0,7.89E-05,0,0
8757,0.00444999,0.017232403,0.000154074,0.000151448,0.003858495,0.000283506,0.000174386,0.002624602,0.001699642,0.000104088,0.003972684,0.003719968,0.00012584,0.00259767,0,5.03E-05,3.93E-05,0.001638786,0.001490138,0.000497172,0.000233243,0,0.000245246,0,0
8787.12,0.002042041,0.015199599,3.23E-05,6.56E-05,0.000561038,0.000579158,0.000131211,0.002544352,0.000375026,4.28E-05,0.00371296,0.000941219,0.00012596,0.000479944,0,6.72E-05,0.000155325,0.00294412,0.000940983,0.00123219,0.000558263,0.00020603,0.000694231,4.31E-05,8.54E-05
8817.24,0.002100926,0.017304166,4.56E-05,8.71E-05,0.001313766,0.000645225,0.000141433,0.002653076,0.000927882,4.11E-05,0.003644157,0.001655192,0.000104683,0.001225366,0,4.20E-05,5.34E-05,0.002655244,0.00166846,0.001413385,0.000412031,0,0.000763091,4.18E-05,8.19E-05
8847.36,0.002308568,0.01748023,4.86E-05,0.000120188,0.003040906,0.000602485,0.000188625,0.002376116,0.001950439,5.12E-05,0.003311122,0.003155008,0.000106252,0.003187402,0,2.49E-05,0,0.001557441,0.001762842,0.001093801,0.000192181,0,0.000556571,0,2.10E-05
8877.48,0.002561032,0.019195317,0,0.000112153,0.002476527,0.000663531,0.000152035,0.002626207,0.001318745,3.47E-05,0.003600447,0.002039111,8.15E-05,0.001784168,0,3.26E-05,0,0.003129362,0.002249676,0.001708543,0.000434202,0,0.000940695,4.54E-05,7.82E-05
8907.6,0.003613996,0.018276599,5.20E-05,0.000137953,0.00452871,0.000463341,0.000118275,0.00215654,0.002139377,3.68E-05,0.003437099,0.003479156,6.73E-05,0.003012613,0,3.82E-05,0,0.001734152,0.001721388,0.000747882,0.000217083,0,0.000371246,0,1.80E-05
8937.72,0.007012366,0.016025946,6.25E-05,8.71E-05,0.003499715,0.000149354,0.000187209,0.002348764,0.00108365,5.23E-05,0.003715167,0.002969623,6.04E-05,0.001455499,6.05E-05,5.65E-05,0.000115034,0.002054402,0.001582913,0.000334459,0.000166368,0.000137644,0.000146206,2.80E-05,0
8967.84,0.002834856,0.017392118,7.05E-05,9.35E-05,0.003658004,0.000341018,9.18E-05,0.002026379,0.002348957,5.63E-05,0.002914334,0.004038513,8.63E-05,0.003999273,0,2.37E-05,0,0.001062788,0.001541399,0.000532276,0.000113067,0,0.000243276,0,0
8997.96,0.006750061,0.01792287,8.70E-05,0.000159556,0.006408967,0.000274407,6.13E-05,0.001807956,0.002245232,4.12E-05,0.002937266,0.003942805,6.85E-05,0.003345233,0,3.95E-05,0,0.001350592,0.001325455,0.00025294,0.000119271,0,0.000118497,0,0
9028.08,0.004126254,0.016270547,5.17E-05,0,0.001840242,0.000148278,0.000121496,0.002612371,0.000597112,4.13E-05,0.003698875,0.002049987,7.09E-05,0.000804836,5.51E-05,4.69E-05,0.000129561,0.001933594,0.001741723,0.000388179,0.00025099,0.000182781,0.000175777,3.17E-05,2.05E-05
9058.2,0.002729239,0.016738264,4.49E-05,8.70E-05,0.00297024,0.000183788,0.000226099,0.001918882,0.001980952,5.90E-05,0.003216153,0.004214584,5.07E-05,0.003744992,0,0,0,0.0011044,0.001647558,0.000245971,0.000108086,0,9.46E-05,0,0
9088.32,0.004324019,0.017073179,7.13E-05,0.000106636,0.003862106,0.000396618,0.000119996,0.002093424,0.0012863,4.46E-05,0.002992764,0.00230127,0.000141688,0.002017888,0,8.10E-05,0,0.00156839,0.001133466,0.000895065,0.000207988,9.70E-05,0.000467135,1.70E-05,4.31E-05
9118.44,0.006273245,0.015645771,6.47E-05,7.50E-05,0.002610551,0.000127458,0.000141208,0.002420963,0.000753242,4.86E-05,0.003624032,0.002371733,5.71E-05,0.001106522,2.24E-05,8.19E-05,0.000156614,0.001999739,0.001340744,0.000290684,0.000210143,0.000140329,0.000135018,2.41E-05,1.30E-05
9148.56,0.003633961,0.017575965,6.92E-05,0,0.003188726,0.00021963,8.29E-05,0.002070171,0.002388553,7.13E-05,0.003023798,0.004686448,9.18E-05,0.004461386,0,2.43E-05,0,0.001096236,0.00182454,0.000314788,0.000109667,0,0.000132726,0,0
9178.68,0.003109371,0.017021284,6.61E-05,0,0.003149813,0.000223385,6.83E-05,0.001958452,0.002213861,6.29E-05,0.002740239,0.004421143,8.02E-05,0.004190181,0,2.20E-05,0,0.001132134,0.001795988,0.000361624,0.000115131,0,0.000244256,0,0
9208.8,0.005187984,0.016153956,6.61E-05,7.34E-05,0.002378934,0.000225194,8.08E-05,0.002408632,0.00062969,6.01E-05,0.003273092,0.001655163,7.58E-05,0.000866106,0.000111843,4.76E-05,0.000118049,0.00149364,0.002228579,0.000532491,0.000236938,0.000197894,0.000238038,2.81E-05,2.68E-05
9238.92,0.003838827,0.017153248,8.89E-05,8.17E-05,0.003852294,0.000208121,7.68E-05,0.001957339,0.002207309,6.78E-05,0.002821783,0.004341028,8.45E-05,0.00410447,0,2.54E-05,0,0.000994652,0.001392399,0.000296277,9.16E-05,0,0.000124266,0,0
9269.04,0.002444376,0.016363961,0.000139934,0.000114681,0.002699501,0.000464492,0.000130514,0.002238775,0.001636059,7.74E-05,0.00329424,0.003116361,0.000202505,0.002389893,0,5.30E-05,0,0.00162393,0.001422319,0.000843861,0.000239641,0,0.000431139,2.12E-05,2.89E-05
9299.16,0.005788957,0.017759636,0.000105639,0.000153795,0.005687014,0.000322805,7.82E-05,0.002072632,0.002284425,5.99E-05,0.003195452,0.004243275,8.75E-05,0.003672645,0,5.43E-05,0,0.001436846,0.00145405,0.000358285,0.000151498,0,0.000177612,0,0
9329.28,0.003352779,0.017408242,6.98E-05,0.000127358,0.004549748,0.000370338,8.06E-05,0.002021249,0.002046309,4.42E-05,0.003137186,0.003563789,7.90E-05,0.003182092,0,2.92E-05,0,0.001347473,0.001435169,0.000566395,0.000171066,0,0.000272812,0,0
9359.4,0.003780606,0.016214476,0.000218906,0.000170468,0.003765683,0.000196391,0.000142527,0.002114333,0.001559073,0.000118513,0.003083105,0.003525841,0.000132699,0.00261536,0,7.22E-05,3.24E-05,0.000940973,0.001240173,0.00024817,0.000103674,5.67E-05,0.000117687,1.62E-05,7.54E-06
